#,Name,Team,G,AB,PA,H,1B,2B,3B,HR,R,RBI,BB,IBB,SO,HBP,SF,SH,GDP,SB,CS,AVG,Year,HR.Normalize,H.Normalize,AB.Normalize,SB.Normalize,RBI.Normalize,R.Normalize,Clusters,Value Cluster
23,Howie Kendrick,Nationals,121.0,334.0,370.0,115.0,74.0,23.0,1.0,17.0,61.0,62.0,27.0,1.0,49.0,4.0,5.0,0.0,11.0,2.0,1.0,0.344,2019.0,4.594594594594595,26.486486486486488,90.27027027027027,0.5405405405405406,16.756756756756758,16.486486486486488,8,12.0
24,Tim Anderson,White Sox,123.0,498.0,518.0,167.0,117.0,32.0,0.0,18.0,81.0,56.0,15.0,0.0,109.0,3.0,2.0,0.0,12.0,17.0,5.0,0.335,2019.0,3.474903474903475,28.764478764478763,96.13899613899613,3.281853281853282,10.81081081081081,15.637065637065637,2,8.0
25,Luis Arraez,Twins,92.0,326.0,366.0,109.0,84.0,20.0,1.0,4.0,54.0,28.0,36.0,1.0,29.0,1.0,3.0,0.0,2.0,2.0,2.0,0.334,2019.0,1.092896174863388,28.688524590163933,89.07103825136612,0.546448087431694,7.6502732240437155,14.754098360655737,2,8.0
38,Donovan Solano,Giants,81.0,215.0,228.0,71.0,53.0,13.0,1.0,4.0,27.0,23.0,10.0,0.0,49.0,1.0,2.0,0.0,4.0,0.0,1.0,0.33,2019.0,1.7543859649122806,29.385964912280702,94.29824561403508,0.0,10.087719298245615,11.842105263157896,2,8.0
39,Christian Yelich,Brewers,130.0,489.0,580.0,161.0,85.0,29.0,3.0,44.0,100.0,97.0,80.0,16.0,118.0,8.0,3.0,0.0,8.0,30.0,2.0,0.329,2019.0,7.586206896551724,20.17241379310345,84.3103448275862,5.172413793103448,16.724137931034484,17.24137931034483,6,9.0
40,Ketel Marte,Diamondbacks,144.0,569.0,628.0,187.0,110.0,36.0,9.0,32.0,97.0,92.0,53.0,2.0,86.0,4.0,2.0,0.0,7.0,10.0,2.0,0.329,2019.0,5.095541401273885,24.681528662420384,90.60509554140127,1.5923566878980893,14.64968152866242,15.445859872611464,8,12.0
41,DJ LeMahieu,Yankees,145.0,602.0,655.0,197.0,136.0,33.0,2.0,26.0,109.0,102.0,46.0,0.0,90.0,2.0,4.0,1.0,14.0,5.0,2.0,0.327,2019.0,3.969465648854962,26.106870229007633,91.90839694656489,0.7633587786259542,15.572519083969466,16.641221374045802,8,12.0
43,Anthony Rendon,Nationals,146.0,545.0,646.0,174.0,93.0,44.0,3.0,34.0,117.0,126.0,80.0,8.0,86.0,12.0,9.0,0.0,13.0,5.0,1.0,0.319,2019.0,5.2631578947368425,21.671826625387,84.36532507739938,0.7739938080495357,19.5046439628483,18.111455108359134,6,9.0
45,Jeff McNeil,Mets,133.0,510.0,567.0,162.0,100.0,38.0,1.0,23.0,83.0,75.0,35.0,2.0,75.0,21.0,1.0,0.0,5.0,5.0,6.0,0.318,2019.0,4.056437389770723,24.514991181657848,89.94708994708995,0.8818342151675485,13.227513227513228,14.638447971781305,8,12.0
46,Fernando Tatis Jr.,Padres,84.0,334.0,372.0,106.0,65.0,13.0,6.0,22.0,61.0,53.0,30.0,1.0,110.0,5.0,3.0,0.0,4.0,16.0,6.0,0.317,2019.0,5.913978494623656,22.580645161290324,89.78494623655914,4.301075268817204,14.24731182795699,16.397849462365592,8,12.0
47,Wilmer Flores,Diamondbacks,89.0,265.0,285.0,84.0,57.0,18.0,0.0,9.0,31.0,37.0,15.0,0.0,31.0,4.0,1.0,0.0,9.0,0.0,0.0,0.317,2019.0,3.1578947368421053,26.31578947368421,92.98245614035088,0.0,12.982456140350877,10.87719298245614,2,8.0
49,Yoan Moncada,White Sox,132.0,511.0,559.0,161.0,97.0,34.0,5.0,25.0,83.0,79.0,40.0,2.0,154.0,4.0,3.0,1.0,1.0,10.0,3.0,0.315,2019.0,4.47227191413238,24.329159212880143,91.41323792486583,1.7889087656529516,14.132379248658319,14.847942754919499,8,12.0
50,David Freese,Dodgers,79.0,162.0,186.0,51.0,27.0,13.0,0.0,11.0,35.0,29.0,23.0,0.0,44.0,1.0,0.0,0.0,7.0,0.0,0.0,0.315,2019.0,5.913978494623656,21.50537634408602,87.09677419354838,0.0,15.591397849462366,18.817204301075268,6,9.0
51,Nolan Arenado,Rockies,155.0,588.0,662.0,185.0,111.0,31.0,2.0,41.0,102.0,118.0,62.0,11.0,93.0,4.0,8.0,0.0,14.0,3.0,2.0,0.315,2019.0,6.193353474320242,21.75226586102719,88.82175226586102,0.45317220543806647,17.82477341389728,15.407854984894259,9,11.0
52,Giovanny Urshela,Yankees,132.0,442.0,476.0,139.0,84.0,34.0,0.0,21.0,73.0,74.0,25.0,1.0,87.0,5.0,4.0,0.0,13.0,1.0,1.0,0.314,2019.0,4.411764705882353,24.789915966386555,92.85714285714286,0.21008403361344538,15.546218487394958,15.336134453781513,8,12.0
53,Charlie Blackmon,Rockies,140.0,580.0,634.0,182.0,101.0,42.0,7.0,32.0,112.0,86.0,40.0,1.0,104.0,9.0,5.0,0.0,11.0,2.0,5.0,0.314,2019.0,5.047318611987381,23.65930599369085,91.4826498422713,0.31545741324921134,13.564668769716087,17.665615141955836,8,12.0
54,Bryan Reynolds,Pirates,134.0,491.0,546.0,154.0,97.0,37.0,4.0,16.0,83.0,68.0,46.0,0.0,121.0,6.0,3.0,0.0,9.0,3.0,2.0,0.314,2019.0,2.93040293040293,25.274725274725274,89.92673992673993,0.5494505494505495,12.454212454212454,15.2014652014652,8,12.0
55,Yordan Alvarez,Astros,87.0,313.0,369.0,98.0,45.0,26.0,0.0,27.0,58.0,78.0,52.0,4.0,94.0,2.0,2.0,0.0,9.0,0.0,0.0,0.313,2019.0,7.317073170731708,19.241192411924118,84.82384823848238,0.0,21.13821138211382,15.718157181571815,5,10.0
56,Michael Brantley,Astros,148.0,575.0,637.0,179.0,115.0,40.0,2.0,22.0,88.0,90.0,51.0,3.0,66.0,7.0,4.0,0.0,21.0,3.0,2.0,0.311,2019.0,3.4536891679748822,24.646781789638933,90.26687598116169,0.47095761381475665,14.1287284144427,13.814756671899529,8,12.0
57,Bo Bichette,Blue Jays,46.0,196.0,212.0,61.0,32.0,18.0,0.0,11.0,32.0,21.0,14.0,0.0,50.0,1.0,1.0,0.0,2.0,4.0,4.0,0.311,2019.0,5.188679245283019,23.58490566037736,92.45283018867924,1.8867924528301887,9.90566037735849,15.09433962264151,8,12.0
58,Rafael Devers,Red Sox,156.0,647.0,702.0,201.0,111.0,54.0,4.0,32.0,129.0,115.0,48.0,7.0,119.0,4.0,2.0,1.0,8.0,8.0,8.0,0.311,2019.0,4.5584045584045585,24.074074074074073,92.16524216524216,1.1396011396011396,16.381766381766383,18.376068376068375,8,12.0
59,Nelson Cruz,Twins,120.0,454.0,521.0,141.0,74.0,26.0,0.0,41.0,81.0,108.0,56.0,8.0,131.0,7.0,3.0,0.0,14.0,0.0,1.0,0.311,2019.0,7.869481765834933,19.193857965451055,87.1401151631478,0.0,20.72936660268714,15.547024952015356,5,10.0
60,Xander Bogaerts,Red Sox,155.0,614.0,698.0,190.0,105.0,52.0,0.0,33.0,110.0,117.0,76.0,2.0,122.0,2.0,6.0,0.0,11.0,4.0,2.0,0.309,2019.0,4.7277936962750715,22.492836676217767,87.96561604584527,0.5730659025787965,16.7621776504298,15.759312320916905,9,11.0
62,Kevin Newman,Pirates,130.0,493.0,531.0,152.0,114.0,20.0,6.0,12.0,61.0,64.0,28.0,2.0,62.0,7.0,1.0,2.0,5.0,16.0,8.0,0.308,2019.0,2.2598870056497176,26.365348399246706,92.84369114877589,3.0131826741996233,12.052730696798493,11.487758945386064,2,8.0
65,J.D. Davis,Mets,140.0,410.0,453.0,126.0,81.0,22.0,1.0,22.0,65.0,57.0,38.0,2.0,97.0,3.0,2.0,0.0,14.0,3.0,0.0,0.307,2019.0,4.856512141280353,22.958057395143488,90.50772626931567,0.6622516556291391,12.582781456953642,14.34878587196468,8,12.0
66,Hanser Alberto,Orioles,139.0,524.0,550.0,160.0,125.0,21.0,2.0,12.0,62.0,51.0,16.0,1.0,50.0,4.0,3.0,3.0,9.0,4.0,4.0,0.305,2019.0,2.1818181818181817,26.90909090909091,95.27272727272727,0.7272727272727273,9.272727272727273,11.272727272727273,2,8.0
67,Cody Bellinger,Dodgers,156.0,558.0,660.0,170.0,86.0,34.0,3.0,47.0,121.0,115.0,95.0,21.0,108.0,3.0,4.0,0.0,10.0,15.0,5.0,0.305,2019.0,7.121212121212121,18.636363636363637,84.54545454545455,2.272727272727273,17.424242424242426,18.333333333333332,6,9.0
68,J.D. Martinez,Red Sox,146.0,575.0,657.0,175.0,104.0,33.0,2.0,36.0,98.0,105.0,72.0,9.0,138.0,4.0,5.0,0.0,19.0,2.0,0.0,0.304,2019.0,5.47945205479452,21.15677321156773,87.51902587519025,0.30441400304414,15.981735159817351,14.916286149162861,9,11.0
69,Victor Reyes,Tigers,69.0,276.0,292.0,84.0,60.0,16.0,5.0,3.0,29.0,25.0,14.0,0.0,64.0,0.0,2.0,0.0,5.0,9.0,3.0,0.304,2019.0,1.0273972602739727,27.73972602739726,94.52054794520548,3.0821917808219177,8.561643835616438,9.931506849315069,2,8.0
70,Corey Dickerson,- - -,78.0,260.0,279.0,79.0,37.0,28.0,2.0,12.0,33.0,59.0,16.0,4.0,56.0,0.0,3.0,0.0,4.0,1.0,0.0,0.304,2019.0,4.301075268817204,24.014336917562723,93.18996415770609,0.35842293906810035,21.14695340501792,11.827956989247312,9,11.0
71,Tommy Edman,Cardinals,92.0,326.0,349.0,99.0,64.0,17.0,7.0,11.0,59.0,36.0,16.0,0.0,61.0,7.0,0.0,0.0,3.0,15.0,1.0,0.304,2019.0,3.151862464183381,25.214899713467048,93.40974212034384,4.2979942693409745,10.315186246418339,16.9054441260745,8,12.0
72,Keston Hiura,Brewers,84.0,314.0,348.0,95.0,51.0,23.0,2.0,19.0,51.0,49.0,25.0,1.0,107.0,8.0,1.0,0.0,6.0,9.0,3.0,0.303,2019.0,5.459770114942529,21.839080459770116,90.22988505747126,2.586206896551724,14.080459770114942,14.655172413793103,8,12.0
73,Whit Merrifield,Royals,162.0,681.0,735.0,206.0,139.0,41.0,10.0,16.0,105.0,74.0,45.0,5.0,126.0,5.0,4.0,0.0,8.0,20.0,10.0,0.302,2019.0,2.17687074829932,25.85034013605442,92.65306122448979,2.7210884353741496,10.068027210884354,14.285714285714286,2,8.0
74,David Dahl,Rockies,100.0,374.0,413.0,113.0,65.0,28.0,5.0,15.0,67.0,61.0,28.0,0.0,110.0,4.0,5.0,2.0,3.0,4.0,4.0,0.302,2019.0,3.6319612590799033,23.728813559322035,90.55690072639226,0.9685230024213075,14.76997578692494,16.222760290556902,8,12.0
77,Jose Altuve,Astros,124.0,500.0,548.0,149.0,88.0,27.0,3.0,31.0,89.0,74.0,41.0,0.0,82.0,3.0,3.0,1.0,19.0,6.0,5.0,0.298,2019.0,5.656934306569343,21.532846715328468,91.24087591240875,1.094890510948905,13.503649635036496,16.240875912408757,8,12.0
78,Yuli Gurriel,Astros,144.0,564.0,612.0,168.0,95.0,40.0,2.0,31.0,85.0,104.0,37.0,2.0,65.0,5.0,6.0,0.0,12.0,5.0,3.0,0.298,2019.0,5.065359477124183,22.38562091503268,92.15686274509804,0.8169934640522876,16.99346405228758,13.88888888888889,9,11.0
79,Trea Turner,Nationals,122.0,521.0,569.0,155.0,94.0,37.0,5.0,19.0,96.0,57.0,43.0,2.0,113.0,3.0,2.0,0.0,10.0,35.0,5.0,0.298,2019.0,3.3391915641476273,23.90158172231986,91.56414762741652,6.151142355008787,10.017574692442881,16.87170474516696,8,12.0
80,Brock Holt,Red Sox,87.0,259.0,295.0,77.0,58.0,14.0,2.0,3.0,38.0,31.0,28.0,1.0,57.0,4.0,4.0,0.0,4.0,1.0,0.0,0.297,2019.0,1.0169491525423728,25.084745762711865,87.79661016949153,0.3389830508474576,10.508474576271187,12.88135593220339,10,3.0
81,Hunter Pence,Rangers,83.0,286.0,316.0,85.0,49.0,17.0,1.0,18.0,53.0,59.0,26.0,0.0,69.0,2.0,2.0,0.0,2.0,6.0,1.0,0.297,2019.0,5.69620253164557,21.20253164556962,90.50632911392405,1.8987341772151898,18.670886075949365,16.772151898734176,9,11.0
82,Alex Bregman,Astros,156.0,554.0,690.0,164.0,84.0,37.0,2.0,41.0,122.0,112.0,119.0,2.0,83.0,9.0,8.0,0.0,9.0,5.0,1.0,0.296,2019.0,5.942028985507246,17.82608695652174,80.28985507246377,0.7246376811594203,16.231884057971016,17.681159420289855,6,9.0
83,Ozzie Albies,Braves,160.0,640.0,702.0,189.0,114.0,43.0,8.0,24.0,102.0,86.0,54.0,6.0,112.0,4.0,4.0,0.0,2.0,15.0,4.0,0.295,2019.0,3.4188034188034186,23.504273504273506,91.16809116809117,2.1367521367521367,12.250712250712251,14.52991452991453,8,12.0
84,Matt Joyce,Braves,129.0,200.0,238.0,59.0,42.0,10.0,0.0,7.0,32.0,23.0,38.0,0.0,45.0,0.0,0.0,0.0,3.0,0.0,0.0,0.295,2019.0,2.9411764705882355,21.84873949579832,84.03361344537815,0.0,9.663865546218487,13.445378151260504,10,3.0
85,Starling Marte,Pirates,132.0,539.0,586.0,159.0,99.0,31.0,6.0,23.0,97.0,82.0,25.0,1.0,94.0,16.0,4.0,2.0,15.0,25.0,6.0,0.295,2019.0,3.9249146757679183,23.208191126279864,91.97952218430034,4.266211604095563,13.993174061433447,16.552901023890787,8,12.0
86,Freddie Freeman,Braves,158.0,597.0,692.0,176.0,102.0,34.0,2.0,38.0,113.0,121.0,87.0,11.0,127.0,6.0,2.0,0.0,17.0,6.0,3.0,0.295,2019.0,5.491329479768786,19.942196531791907,86.27167630057804,0.8670520231213873,17.485549132947977,16.329479768786126,6,9.0
87,Mookie Betts,Red Sox,150.0,597.0,706.0,176.0,102.0,40.0,5.0,29.0,135.0,80.0,97.0,6.0,101.0,3.0,9.0,0.0,11.0,16.0,3.0,0.295,2019.0,4.1076487252124645,20.821529745042493,84.56090651558074,2.26628895184136,11.331444759206798,19.121813031161473,6,9.0
88,Jorge Polanco,Twins,153.0,631.0,704.0,186.0,117.0,40.0,7.0,22.0,107.0,79.0,60.0,2.0,116.0,4.0,7.0,2.0,11.0,4.0,3.0,0.295,2019.0,3.125,23.295454545454547,89.63068181818181,0.5681818181818182,11.221590909090908,15.198863636363637,8,12.0
89,Tommy La Stella,Angels,80.0,292.0,321.0,86.0,62.0,8.0,0.0,16.0,49.0,44.0,20.0,0.0,28.0,3.0,0.0,0.0,8.0,0.0,0.0,0.295,2019.0,4.984423676012461,21.806853582554517,90.96573208722741,0.0,13.707165109034268,15.264797507788161,9,11.0
90,Alex Verdugo,Dodgers,106.0,343.0,377.0,101.0,65.0,22.0,2.0,12.0,43.0,44.0,26.0,1.0,49.0,2.0,6.0,0.0,8.0,4.0,1.0,0.294,2019.0,3.183023872679045,23.607427055702917,90.9814323607427,1.0610079575596818,11.671087533156498,11.405835543766578,0,7.0
91,Trevor Story,Rockies,145.0,588.0,656.0,173.0,95.0,38.0,5.0,35.0,111.0,85.0,58.0,0.0,174.0,7.0,3.0,0.0,3.0,23.0,8.0,0.294,2019.0,5.335365853658536,21.036585365853657,89.63414634146342,3.5060975609756095,12.957317073170731,16.920731707317074,8,12.0
95,Anthony Rizzo,Cubs,146.0,512.0,613.0,150.0,91.0,29.0,3.0,27.0,89.0,94.0,71.0,3.0,86.0,27.0,3.0,0.0,15.0,5.0,2.0,0.293,2019.0,4.404567699836868,20.0652528548124,83.5236541598695,0.8156606851549756,15.33442088091354,14.518760195758565,6,9.0
96,George Springer,Astros,122.0,479.0,556.0,140.0,78.0,20.0,3.0,39.0,96.0,96.0,67.0,1.0,113.0,6.0,4.0,0.0,12.0,6.0,2.0,0.292,2019.0,7.014388489208633,18.165467625899282,86.15107913669065,1.079136690647482,17.26618705035971,17.26618705035971,6,9.0
97,Mike Trout,Angels,134.0,470.0,600.0,137.0,63.0,27.0,2.0,45.0,110.0,104.0,110.0,14.0,120.0,16.0,4.0,0.0,5.0,11.0,2.0,0.291,2019.0,7.5,15.333333333333334,78.33333333333333,1.8333333333333333,17.333333333333332,18.333333333333332,6,9.0
98,Harold Castro,Tigers,97.0,354.0,369.0,103.0,84.0,10.0,4.0,5.0,30.0,38.0,9.0,0.0,86.0,0.0,4.0,2.0,6.0,4.0,2.0,0.291,2019.0,1.3550135501355014,26.558265582655828,95.9349593495935,1.084010840108401,10.29810298102981,8.130081300813009,2,8.0
99,Trey Mancini,Orioles,154.0,602.0,679.0,175.0,100.0,38.0,2.0,35.0,106.0,97.0,63.0,3.0,143.0,9.0,5.0,0.0,22.0,1.0,0.0,0.291,2019.0,5.154639175257732,20.61855670103093,88.65979381443299,0.14727540500736377,14.285714285714286,15.61119293078056,9,11.0
100,Austin Meadows,Rays,138.0,530.0,591.0,154.0,85.0,29.0,7.0,33.0,83.0,89.0,54.0,6.0,131.0,7.0,0.0,0.0,3.0,12.0,7.0,0.291,2019.0,5.583756345177665,20.473773265651438,89.67851099830796,2.030456852791878,15.05922165820643,14.043993231810491,9,11.0
101,Eric Sogard,- - -,110.0,396.0,442.0,115.0,77.0,23.0,2.0,13.0,59.0,40.0,38.0,2.0,63.0,2.0,3.0,3.0,4.0,8.0,0.0,0.29,2019.0,2.9411764705882355,23.076923076923077,89.59276018099547,1.8099547511312217,9.049773755656108,13.34841628959276,10,3.0
103,David Fletcher,Angels,154.0,596.0,653.0,173.0,133.0,30.0,4.0,6.0,83.0,49.0,55.0,2.0,64.0,0.0,1.0,1.0,8.0,8.0,3.0,0.29,2019.0,0.9188361408882083,25.57427258805513,91.27105666156203,1.225114854517611,7.503828483920367,12.710566615620214,2,8.0
104,Justin Turner,Dodgers,135.0,479.0,549.0,139.0,88.0,24.0,0.0,27.0,80.0,67.0,51.0,1.0,88.0,14.0,5.0,0.0,11.0,2.0,0.0,0.29,2019.0,4.918032786885246,20.40072859744991,87.2495446265938,0.36429872495446264,12.2040072859745,14.571948998178506,10,3.0
105,Nicholas Castellanos,- - -,151.0,615.0,664.0,178.0,90.0,58.0,3.0,27.0,100.0,73.0,41.0,1.0,143.0,5.0,3.0,0.0,12.0,2.0,2.0,0.289,2019.0,4.066265060240964,22.740963855421686,92.62048192771084,0.30120481927710846,10.993975903614459,15.060240963855422,8,12.0
106,Tyler Naquin,Indians,89.0,274.0,294.0,79.0,50.0,19.0,0.0,10.0,34.0,34.0,14.0,2.0,66.0,2.0,2.0,2.0,8.0,4.0,2.0,0.288,2019.0,3.401360544217687,23.46938775510204,93.19727891156462,1.3605442176870748,11.564625850340136,11.564625850340136,0,7.0
108,Ramon Laureano,Athletics,123.0,434.0,481.0,125.0,72.0,29.0,0.0,24.0,79.0,67.0,27.0,0.0,123.0,11.0,8.0,1.0,7.0,13.0,2.0,0.288,2019.0,4.98960498960499,20.997920997920996,90.22869022869023,2.7027027027027026,13.92931392931393,16.424116424116423,8,12.0
109,Jose Iglesias,Reds,146.0,504.0,530.0,145.0,110.0,21.0,3.0,11.0,62.0,59.0,20.0,3.0,70.0,3.0,2.0,1.0,17.0,6.0,6.0,0.288,2019.0,2.0754716981132075,25.28301886792453,95.09433962264151,1.1320754716981132,11.132075471698114,11.69811320754717,2,8.0
110,Wilson Ramos,Mets,141.0,473.0,524.0,136.0,103.0,19.0,0.0,14.0,52.0,73.0,44.0,5.0,69.0,4.0,3.0,0.0,16.0,1.0,0.0,0.288,2019.0,2.6717557251908395,23.282442748091604,90.26717557251908,0.19083969465648856,13.931297709923664,9.923664122137405,0,7.0
111,Amed Rosario,Mets,157.0,616.0,655.0,177.0,125.0,30.0,7.0,15.0,75.0,72.0,31.0,2.0,124.0,3.0,3.0,2.0,13.0,19.0,10.0,0.287,2019.0,2.2900763358778624,24.732824427480917,94.04580152671755,2.900763358778626,10.992366412213741,11.450381679389313,2,8.0
112,Shohei Ohtani,Angels,106.0,384.0,425.0,110.0,67.0,20.0,5.0,18.0,51.0,62.0,33.0,1.0,110.0,2.0,4.0,0.0,6.0,12.0,3.0,0.286,2019.0,4.235294117647059,21.647058823529413,90.3529411764706,2.823529411764706,14.588235294117647,12.0,9,11.0
116,Ryan Braun,Brewers,144.0,459.0,508.0,131.0,76.0,31.0,2.0,22.0,70.0,75.0,34.0,1.0,105.0,8.0,3.0,0.0,15.0,11.0,1.0,0.285,2019.0,4.330708661417323,21.456692913385826,90.35433070866142,2.1653543307086616,14.763779527559056,13.779527559055119,9,11.0
117,Nick Markakis,Braves,116.0,414.0,469.0,118.0,82.0,25.0,2.0,9.0,61.0,62.0,47.0,1.0,59.0,2.0,6.0,0.0,11.0,2.0,0.0,0.285,2019.0,1.9189765458422174,23.240938166311302,88.27292110874201,0.42643923240938164,13.219616204690832,13.00639658848614,8,12.0
118,Marcus Semien,Athletics,162.0,657.0,747.0,187.0,104.0,43.0,7.0,33.0,123.0,92.0,87.0,2.0,102.0,2.0,1.0,0.0,11.0,10.0,8.0,0.285,2019.0,4.417670682730924,20.615796519410978,87.95180722891567,1.3386880856760375,12.315930388219545,16.46586345381526,8,12.0
119,Cameron Maybin,Yankees,82.0,239.0,269.0,68.0,40.0,17.0,0.0,11.0,48.0,32.0,30.0,0.0,72.0,0.0,0.0,0.0,5.0,9.0,6.0,0.285,2019.0,4.089219330855019,21.189591078066915,88.84758364312268,3.345724907063197,11.895910780669144,17.843866171003718,8,12.0
120,Kolten Wong,Cardinals,148.0,478.0,549.0,136.0,96.0,25.0,4.0,11.0,61.0,59.0,47.0,5.0,83.0,13.0,5.0,6.0,2.0,24.0,4.0,0.285,2019.0,2.0036429872495445,22.768670309653917,87.06739526411657,4.371584699453552,10.746812386156648,11.11111111111111,10,3.0
121,Francisco Lindor,Indians,143.0,598.0,654.0,170.0,96.0,40.0,2.0,32.0,101.0,74.0,46.0,9.0,98.0,3.0,6.0,1.0,13.0,22.0,5.0,0.284,2019.0,4.892966360856269,21.10091743119266,91.43730886850153,3.363914373088685,11.314984709480122,15.4434250764526,8,12.0
122,Jose Abreu,White Sox,159.0,634.0,693.0,180.0,108.0,38.0,1.0,33.0,85.0,123.0,36.0,4.0,152.0,13.0,10.0,0.0,24.0,2.0,2.0,0.284,2019.0,4.761904761904762,21.21212121212121,91.48629148629149,0.2886002886002886,17.748917748917748,12.265512265512266,9,11.0
123,Miguel Rojas,Marlins,132.0,483.0,526.0,137.0,102.0,29.0,1.0,5.0,52.0,46.0,32.0,2.0,62.0,5.0,5.0,1.0,15.0,9.0,5.0,0.284,2019.0,0.9505703422053232,25.09505703422053,91.82509505703422,1.7110266159695817,8.745247148288973,9.885931558935361,2,8.0
124,Danny Santana,Rangers,130.0,474.0,511.0,134.0,77.0,23.0,6.0,28.0,81.0,81.0,25.0,2.0,151.0,6.0,5.0,0.0,8.0,21.0,6.0,0.283,2019.0,5.47945205479452,20.743639921722114,92.75929549902153,4.109589041095891,15.851272015655578,15.851272015655578,9,11.0
125,Dominic Smith,Mets,89.0,177.0,197.0,50.0,29.0,10.0,0.0,11.0,35.0,25.0,19.0,0.0,44.0,1.0,0.0,0.0,5.0,1.0,2.0,0.282,2019.0,5.583756345177665,19.79695431472081,89.84771573604061,0.5076142131979695,12.690355329949238,17.766497461928935,9,11.0
126,Juan Soto,Nationals,150.0,542.0,659.0,153.0,82.0,32.0,5.0,34.0,110.0,110.0,108.0,3.0,132.0,3.0,6.0,0.0,11.0,12.0,1.0,0.282,2019.0,5.159332321699544,18.057663125948405,82.24582701062215,1.8209408194233687,16.69195751138088,16.69195751138088,6,9.0
127,Avisail Garcia,Rays,125.0,489.0,530.0,138.0,91.0,25.0,2.0,20.0,61.0,72.0,31.0,2.0,125.0,7.0,3.0,0.0,15.0,10.0,4.0,0.282,2019.0,3.7735849056603774,22.264150943396228,92.26415094339623,1.8867924528301887,13.584905660377359,11.50943396226415,0,7.0
129,Miguel Cabrera,Tigers,136.0,493.0,549.0,139.0,106.0,21.0,0.0,12.0,41.0,59.0,48.0,4.0,108.0,3.0,5.0,0.0,18.0,0.0,0.0,0.282,2019.0,2.185792349726776,23.13296903460838,89.79963570127505,0.0,10.746812386156648,7.468123861566484,0,7.0
130,Kris Bryant,Cubs,147.0,543.0,634.0,153.0,86.0,35.0,1.0,31.0,108.0,77.0,74.0,1.0,145.0,15.0,2.0,0.0,10.0,4.0,0.0,0.282,2019.0,4.889589905362776,19.242902208201894,85.64668769716089,0.6309148264984227,12.145110410094638,17.034700315457414,6,9.0
131,Carlos Santana,Indians,158.0,573.0,686.0,161.0,96.0,30.0,1.0,34.0,110.0,93.0,108.0,12.0,108.0,3.0,2.0,0.0,13.0,4.0,0.0,0.281,2019.0,4.956268221574344,18.513119533527696,83.52769679300292,0.5830903790087464,13.556851311953352,16.034985422740526,6,9.0
132,Garrett Cooper,Marlins,107.0,381.0,421.0,107.0,75.0,16.0,1.0,15.0,52.0,50.0,33.0,0.0,110.0,5.0,2.0,0.0,10.0,0.0,0.0,0.281,2019.0,3.5629453681710213,21.852731591448933,90.49881235154395,0.0,11.876484560570072,12.351543942992874,0,7.0
133,Austin Romine,Yankees,73.0,228.0,240.0,64.0,44.0,12.0,0.0,8.0,29.0,35.0,10.0,0.0,50.0,0.0,1.0,1.0,7.0,1.0,1.0,0.281,2019.0,3.3333333333333335,23.333333333333332,95.0,0.4166666666666667,14.583333333333334,12.083333333333334,0,7.0
134,Javier Baez,Cubs,138.0,531.0,561.0,149.0,78.0,38.0,4.0,29.0,89.0,85.0,28.0,3.0,156.0,0.0,2.0,0.0,16.0,11.0,7.0,0.281,2019.0,5.16934046345811,21.390374331550802,94.6524064171123,1.9607843137254901,15.151515151515152,15.864527629233512,9,11.0
135,Melky Cabrera,Pirates,133.0,378.0,397.0,106.0,76.0,22.0,1.0,7.0,43.0,47.0,17.0,3.0,41.0,1.0,0.0,1.0,14.0,2.0,0.0,0.28,2019.0,1.7632241813602014,24.937027707808564,95.21410579345088,0.5037783375314862,11.838790931989925,10.831234256926953,2,8.0
138,Ronald Acuna Jr.,Braves,156.0,626.0,715.0,175.0,110.0,22.0,2.0,41.0,127.0,101.0,76.0,4.0,188.0,9.0,1.0,0.0,8.0,37.0,9.0,0.28,2019.0,5.734265734265734,18.74125874125874,87.55244755244755,5.174825174825175,14.125874125874127,17.762237762237763,6,9.0
139,Jean Segura,Phillies,144.0,576.0,618.0,161.0,108.0,37.0,4.0,12.0,79.0,60.0,30.0,1.0,73.0,8.0,3.0,1.0,11.0,10.0,2.0,0.28,2019.0,1.941747572815534,24.110032362459545,93.20388349514563,1.6181229773462784,9.70873786407767,12.783171521035598,2,8.0
140,Cesar Hernandez,Phillies,161.0,612.0,667.0,171.0,123.0,31.0,3.0,14.0,77.0,71.0,45.0,4.0,100.0,6.0,4.0,0.0,9.0,9.0,2.0,0.279,2019.0,2.098950524737631,23.53823088455772,91.75412293853073,1.3493253373313343,10.644677661169416,11.544227886056971,2,8.0
141,Hunter Dozier,Royals,139.0,523.0,586.0,146.0,81.0,29.0,10.0,26.0,75.0,84.0,55.0,2.0,148.0,3.0,5.0,0.0,9.0,2.0,2.0,0.279,2019.0,4.436860068259386,20.477815699658702,89.24914675767918,0.3412969283276451,14.334470989761092,12.79863481228669,9,11.0
142,Adam Eaton,Nationals,151.0,566.0,656.0,158.0,111.0,25.0,7.0,15.0,103.0,49.0,65.0,0.0,106.0,13.0,3.0,9.0,8.0,15.0,3.0,0.279,2019.0,2.2865853658536586,21.798780487804876,86.28048780487805,2.2865853658536586,7.469512195121951,15.701219512195122,10,3.0
143,Leury Garcia,White Sox,140.0,577.0,618.0,161.0,123.0,27.0,3.0,8.0,93.0,40.0,21.0,0.0,139.0,6.0,3.0,11.0,6.0,15.0,5.0,0.279,2019.0,1.2944983818770226,24.75728155339806,93.36569579288026,2.4271844660194173,6.472491909385114,15.048543689320388,2,8.0
144,Carlos Correa,Astros,75.0,280.0,321.0,78.0,40.0,16.0,1.0,21.0,42.0,59.0,35.0,0.0,75.0,2.0,4.0,0.0,8.0,1.0,0.0,0.279,2019.0,6.542056074766355,17.757009345794394,87.22741433021807,0.3115264797507788,18.38006230529595,13.08411214953271,5,10.0
145,Daniel Murphy,Rockies,132.0,438.0,478.0,122.0,73.0,35.0,1.0,13.0,56.0,78.0,32.0,1.0,74.0,2.0,4.0,0.0,10.0,1.0,1.0,0.279,2019.0,2.719665271966527,22.803347280334727,91.63179916317992,0.20920502092050208,16.317991631799163,11.715481171548117,0,7.0
146,Gleyber Torres,Yankees,144.0,546.0,604.0,152.0,88.0,26.0,0.0,38.0,96.0,90.0,48.0,3.0,129.0,3.0,6.0,1.0,10.0,5.0,2.0,0.278,2019.0,6.291390728476821,18.874172185430464,90.39735099337749,0.8278145695364238,14.900662251655628,15.894039735099337,9,11.0
148,Omar Narvaez,Mariners,132.0,428.0,482.0,119.0,85.0,12.0,0.0,22.0,63.0,55.0,47.0,1.0,92.0,4.0,3.0,0.0,5.0,0.0,0.0,0.278,2019.0,4.564315352697095,20.12448132780083,88.79668049792531,0.0,11.410788381742739,13.070539419087137,4,4.0
149,Adam Frazier,Pirates,152.0,554.0,608.0,154.0,104.0,33.0,7.0,10.0,80.0,50.0,40.0,4.0,75.0,9.0,1.0,4.0,6.0,5.0,5.0,0.278,2019.0,1.644736842105263,23.68421052631579,91.11842105263158,0.8223684210526315,8.223684210526315,13.157894736842104,2,8.0
151,Lourdes Gurriel Jr.,Blue Jays,84.0,314.0,343.0,87.0,46.0,19.0,2.0,20.0,52.0,50.0,20.0,0.0,86.0,5.0,3.0,1.0,4.0,6.0,4.0,0.277,2019.0,5.830903790087463,19.533527696793,91.54518950437318,1.749271137026239,14.577259475218659,15.160349854227405,9,11.0
152,Josh Bell,Pirates,143.0,527.0,613.0,146.0,69.0,37.0,3.0,37.0,94.0,116.0,74.0,13.0,118.0,5.0,7.0,0.0,11.0,0.0,1.0,0.277,2019.0,6.035889070146819,17.781402936378466,85.97063621533442,0.0,18.92332789559543,15.33442088091354,5,10.0
153,Mike Tauchman,Yankees,87.0,260.0,296.0,72.0,40.0,18.0,1.0,13.0,46.0,47.0,34.0,0.0,71.0,1.0,1.0,0.0,9.0,6.0,0.0,0.277,2019.0,4.391891891891892,19.93243243243243,87.83783783783784,2.027027027027027,15.878378378378379,15.54054054054054,9,11.0
154,Mike Freeman,Indians,75.0,177.0,213.0,49.0,37.0,8.0,0.0,4.0,27.0,24.0,22.0,0.0,61.0,4.0,4.0,6.0,2.0,1.0,2.0,0.277,2019.0,1.8779342723004695,21.12676056338028,83.09859154929578,0.4694835680751174,11.267605633802816,12.67605633802817,10,3.0
155,Colin Moran,Pirates,149.0,466.0,503.0,129.0,85.0,30.0,1.0,13.0,46.0,80.0,30.0,4.0,117.0,3.0,4.0,0.0,13.0,0.0,1.0,0.277,2019.0,2.584493041749503,23.061630218687874,92.6441351888668,0.0,15.904572564612327,9.145129224652088,0,7.0
157,Christian Vazquez,Red Sox,138.0,482.0,521.0,133.0,83.0,26.0,1.0,23.0,66.0,72.0,33.0,3.0,101.0,0.0,3.0,3.0,17.0,4.0,2.0,0.276,2019.0,4.414587332053743,21.113243761996163,92.51439539347409,0.7677543186180422,13.81957773512476,12.667946257197697,0,7.0
158,Alex Dickerson,- - -,68.0,174.0,190.0,48.0,26.0,13.0,3.0,6.0,29.0,28.0,13.0,1.0,42.0,2.0,1.0,0.0,5.0,1.0,1.0,0.276,2019.0,3.1578947368421053,22.105263157894736,91.57894736842105,0.5263157894736842,14.736842105263158,15.263157894736842,9,11.0
159,Eddie Rosario,Twins,137.0,562.0,590.0,155.0,94.0,28.0,1.0,32.0,91.0,109.0,22.0,2.0,86.0,0.0,6.0,0.0,10.0,3.0,1.0,0.276,2019.0,5.423728813559322,20.847457627118644,95.2542372881356,0.5084745762711864,18.47457627118644,15.423728813559322,9,11.0
160,Jordan Luplow,Indians,85.0,225.0,261.0,62.0,31.0,15.0,1.0,15.0,42.0,38.0,33.0,0.0,61.0,2.0,1.0,0.0,7.0,3.0,2.0,0.276,2019.0,5.747126436781609,18.007662835249043,86.20689655172414,1.1494252873563218,14.559386973180077,16.091954022988507,6,9.0
161,Harold Ramirez,Marlins,119.0,421.0,446.0,116.0,82.0,20.0,3.0,11.0,54.0,50.0,18.0,1.0,91.0,5.0,1.0,0.0,8.0,2.0,1.0,0.276,2019.0,2.4663677130044843,23.542600896860986,94.39461883408072,0.4484304932735426,11.210762331838565,12.10762331838565,2,8.0
162,Josh Reddick,Astros,141.0,501.0,550.0,138.0,102.0,19.0,3.0,14.0,57.0,56.0,36.0,1.0,66.0,0.0,9.0,1.0,9.0,5.0,2.0,0.275,2019.0,2.5454545454545454,22.545454545454547,91.0909090909091,0.9090909090909091,10.181818181818182,10.363636363636363,0,7.0
163,J.T. Realmuto,Phillies,145.0,538.0,593.0,148.0,84.0,36.0,3.0,25.0,92.0,83.0,41.0,2.0,123.0,5.0,8.0,0.0,12.0,9.0,1.0,0.275,2019.0,4.2158516020236085,20.741989881956155,90.72512647554807,1.5177065767284992,13.996627318718382,15.51433389544688,9,11.0
164,Elvis Andrus,Rangers,147.0,600.0,648.0,165.0,122.0,27.0,4.0,12.0,81.0,72.0,34.0,1.0,96.0,4.0,10.0,0.0,16.0,31.0,8.0,0.275,2019.0,1.8518518518518519,23.61111111111111,92.5925925925926,4.783950617283951,11.11111111111111,12.5,2,8.0
165,David Peralta,Diamondbacks,99.0,382.0,423.0,105.0,61.0,29.0,3.0,12.0,48.0,57.0,35.0,3.0,87.0,5.0,1.0,0.0,9.0,0.0,0.0,0.275,2019.0,2.8368794326241136,21.98581560283688,90.30732860520095,0.0,13.47517730496454,11.347517730496454,0,7.0
166,Dee Gordon,Mariners,117.0,393.0,421.0,108.0,87.0,12.0,6.0,3.0,36.0,34.0,18.0,1.0,61.0,1.0,6.0,3.0,8.0,22.0,5.0,0.275,2019.0,0.7125890736342043,24.94061757719715,93.34916864608076,5.225653206650831,8.076009501187649,8.551068883610451,2,8.0
167,Raimel Tapia,Rockies,138.0,426.0,447.0,117.0,80.0,23.0,5.0,9.0,54.0,44.0,21.0,0.0,100.0,0.0,0.0,0.0,2.0,9.0,3.0,0.275,2019.0,2.0134228187919465,24.161073825503355,95.30201342281879,2.0134228187919465,9.843400447427292,12.080536912751677,2,8.0
169,Jonathan Villar,Orioles,162.0,642.0,714.0,176.0,114.0,33.0,5.0,24.0,111.0,73.0,61.0,0.0,176.0,4.0,4.0,2.0,8.0,40.0,9.0,0.274,2019.0,3.361344537815126,21.288515406162464,89.91596638655462,5.602240896358543,10.224089635854341,15.546218487394958,8,12.0
171,Jon Berti,Marlins,73.0,256.0,287.0,70.0,49.0,14.0,1.0,6.0,52.0,24.0,24.0,0.0,73.0,6.0,1.0,0.0,2.0,17.0,3.0,0.273,2019.0,2.0905923344947737,22.299651567944252,89.19860627177701,5.923344947735192,8.362369337979095,18.118466898954704,8,12.0
172,Tommy Pham,Rays,145.0,567.0,654.0,155.0,99.0,33.0,2.0,21.0,77.0,68.0,81.0,4.0,123.0,5.0,1.0,0.0,22.0,25.0,4.0,0.273,2019.0,3.2110091743119265,20.489296636085626,86.69724770642202,3.8226299694189603,10.397553516819572,11.773700305810397,10,3.0
173,James McCann,White Sox,118.0,439.0,476.0,120.0,75.0,26.0,1.0,18.0,62.0,60.0,30.0,1.0,137.0,6.0,0.0,1.0,10.0,4.0,1.0,0.273,2019.0,3.7815126050420167,21.428571428571427,92.22689075630252,0.8403361344537815,12.605042016806722,13.025210084033613,0,7.0
174,Mitch Garver,Twins,93.0,311.0,359.0,85.0,37.0,16.0,1.0,31.0,70.0,67.0,41.0,0.0,87.0,5.0,2.0,0.0,5.0,0.0,0.0,0.273,2019.0,8.635097493036211,15.041782729805014,86.62952646239555,0.0,18.662952646239553,19.498607242339833,5,10.0
175,Mark Canha,Athletics,126.0,410.0,497.0,112.0,67.0,16.0,3.0,26.0,80.0,58.0,67.0,1.0,107.0,18.0,2.0,0.0,10.0,3.0,2.0,0.273,2019.0,5.231388329979879,17.303822937625753,82.49496981891348,0.6036217303822937,11.670020120724345,16.096579476861166,6,9.0
176,Tom Murphy,Mariners,76.0,260.0,281.0,71.0,40.0,12.0,1.0,18.0,32.0,40.0,19.0,0.0,87.0,1.0,1.0,0.0,0.0,2.0,0.0,0.273,2019.0,6.405693950177936,18.86120996441281,92.52669039145907,0.7117437722419929,14.234875444839858,11.387900355871887,11,6.0
180,Aaron Judge,Yankees,102.0,378.0,447.0,103.0,57.0,18.0,1.0,27.0,75.0,55.0,64.0,4.0,141.0,3.0,1.0,0.0,11.0,3.0,2.0,0.272,2019.0,6.040268456375839,17.002237136465325,84.56375838926175,0.6711409395973155,12.304250559284116,16.778523489932887,6,9.0
181,Ehire Adrianza,Twins,84.0,202.0,236.0,55.0,39.0,8.0,3.0,5.0,34.0,22.0,20.0,1.0,40.0,6.0,4.0,2.0,2.0,0.0,2.0,0.272,2019.0,2.1186440677966103,21.1864406779661,85.59322033898304,0.0,9.322033898305085,14.40677966101695,10,3.0
182,Mike Yastrzemski,Giants,107.0,371.0,411.0,101.0,55.0,22.0,3.0,21.0,64.0,55.0,32.0,1.0,107.0,4.0,3.0,1.0,4.0,2.0,4.0,0.272,2019.0,5.109489051094891,19.464720194647203,90.2676399026764,0.48661800486618007,13.38199513381995,15.571776155717762,9,11.0
183,Willson Contreras,Cubs,105.0,360.0,409.0,98.0,54.0,18.0,2.0,24.0,57.0,64.0,38.0,2.0,102.0,9.0,2.0,0.0,4.0,1.0,2.0,0.272,2019.0,5.8679706601467,18.09290953545232,88.01955990220048,0.24449877750611246,15.647921760391197,13.93643031784841,5,10.0
184,Corey Seager,Dodgers,134.0,489.0,541.0,133.0,69.0,44.0,1.0,19.0,82.0,87.0,44.0,3.0,98.0,4.0,4.0,0.0,8.0,1.0,0.0,0.272,2019.0,3.512014787430684,21.072088724584102,90.38817005545286,0.18484288354898337,16.08133086876155,15.157116451016636,9,11.0
185,Vladimir Guerrero Jr.,Blue Jays,123.0,464.0,514.0,126.0,83.0,26.0,2.0,15.0,52.0,69.0,46.0,0.0,91.0,2.0,2.0,0.0,17.0,0.0,1.0,0.272,2019.0,2.9182879377431905,21.595330739299612,90.27237354085604,0.0,13.424124513618677,10.116731517509727,0,7.0
186,Aledmys Diaz,Astros,69.0,210.0,247.0,57.0,35.0,12.0,1.0,9.0,36.0,40.0,26.0,1.0,28.0,5.0,6.0,0.0,10.0,2.0,0.0,0.271,2019.0,3.6437246963562755,19.4331983805668,85.02024291497976,0.8097165991902834,16.194331983805668,14.574898785425102,6,9.0
187,Eugenio Suarez,Reds,159.0,575.0,662.0,156.0,83.0,22.0,2.0,49.0,87.0,103.0,70.0,4.0,189.0,11.0,6.0,0.0,12.0,3.0,2.0,0.271,2019.0,7.401812688821752,16.163141993957705,86.85800604229607,0.45317220543806647,15.558912386706949,13.141993957703928,5,10.0
188,Phillip Ervin,Reds,94.0,236.0,260.0,64.0,39.0,11.0,7.0,7.0,30.0,23.0,18.0,0.0,63.0,4.0,2.0,0.0,4.0,4.0,3.0,0.271,2019.0,2.6923076923076925,21.923076923076923,90.76923076923077,1.5384615384615385,8.846153846153847,11.538461538461538,3,5.0
189,Starlin Castro,Marlins,162.0,636.0,676.0,172.0,115.0,31.0,4.0,22.0,68.0,86.0,28.0,2.0,111.0,3.0,9.0,0.0,23.0,2.0,2.0,0.27,2019.0,3.2544378698224854,22.189349112426036,94.0828402366864,0.2958579881656805,12.721893491124261,10.059171597633137,0,7.0
191,Brandon Lowe,Rays,82.0,296.0,327.0,80.0,44.0,17.0,2.0,17.0,42.0,51.0,25.0,0.0,113.0,5.0,1.0,0.0,1.0,5.0,0.0,0.27,2019.0,5.198776758409786,19.26605504587156,90.51987767584097,1.529051987767584,15.596330275229358,12.844036697247706,9,11.0
192,Yadier Molina,Cardinals,113.0,419.0,452.0,113.0,79.0,24.0,0.0,10.0,45.0,57.0,23.0,0.0,58.0,5.0,5.0,0.0,14.0,6.0,0.0,0.27,2019.0,2.2123893805309733,22.787610619469028,92.69911504424779,1.3274336283185841,12.610619469026549,9.955752212389381,0,7.0
193,Jordy Mercer,Tigers,74.0,256.0,271.0,69.0,44.0,16.0,0.0,9.0,24.0,22.0,13.0,1.0,57.0,2.0,0.0,0.0,4.0,0.0,0.0,0.27,2019.0,3.321033210332103,22.14022140221402,94.4649446494465,0.0,8.118081180811808,8.85608856088561,2,8.0
194,Jose Martinez,Cardinals,128.0,334.0,373.0,90.0,65.0,13.0,2.0,10.0,45.0,42.0,35.0,0.0,82.0,2.0,2.0,0.0,14.0,3.0,0.0,0.269,2019.0,2.680965147453083,21.447721179624665,89.54423592493298,0.8042895442359249,11.26005361930295,12.064343163538874,10,3.0
195,Oscar Mercado,Indians,115.0,438.0,482.0,118.0,75.0,25.0,3.0,15.0,70.0,54.0,28.0,0.0,84.0,5.0,4.0,7.0,9.0,15.0,4.0,0.269,2019.0,3.112033195020747,21.369294605809127,90.87136929460581,3.112033195020747,11.203319502074688,14.522821576763485,8,12.0
196,Jesse Winker,Reds,113.0,338.0,384.0,91.0,56.0,17.0,2.0,16.0,51.0,38.0,38.0,2.0,60.0,8.0,0.0,0.0,10.0,0.0,2.0,0.269,2019.0,4.166666666666667,19.53125,88.02083333333333,0.0,9.895833333333334,13.28125,10,3.0
197,Austin Nola,Mariners,79.0,238.0,267.0,64.0,41.0,12.0,1.0,10.0,37.0,31.0,23.0,1.0,63.0,4.0,1.0,1.0,8.0,1.0,0.0,0.269,2019.0,3.745318352059925,20.224719101123597,89.13857677902622,0.37453183520599254,11.610486891385769,13.857677902621722,4,4.0
198,Eduardo Escobar,Diamondbacks,158.0,636.0,699.0,171.0,97.0,29.0,10.0,35.0,94.0,118.0,50.0,3.0,130.0,3.0,10.0,0.0,8.0,5.0,1.0,0.269,2019.0,5.007153075822604,19.45636623748212,90.98712446351931,0.7153075822603719,16.88125894134478,13.447782546494993,9,11.0
199,Ildemaro Vargas,Diamondbacks,92.0,201.0,211.0,54.0,38.0,9.0,1.0,6.0,25.0,24.0,9.0,0.0,24.0,0.0,1.0,0.0,6.0,1.0,0.0,0.269,2019.0,2.843601895734597,22.748815165876778,95.260663507109,0.47393364928909953,11.374407582938389,11.848341232227488,0,7.0
201,Willie Calhoun,Rangers,83.0,309.0,337.0,83.0,47.0,14.0,1.0,21.0,51.0,48.0,23.0,0.0,53.0,3.0,2.0,0.0,5.0,0.0,0.0,0.269,2019.0,6.231454005934718,18.397626112759642,91.69139465875371,0.0,14.243323442136498,15.13353115727003,9,11.0
203,Willians Astudillo,Twins,58.0,190.0,204.0,51.0,38.0,9.0,0.0,4.0,28.0,21.0,5.0,0.0,8.0,5.0,4.0,0.0,6.0,0.0,0.0,0.268,2019.0,1.9607843137254901,23.03921568627451,93.13725490196079,0.0,10.294117647058824,13.72549019607843,2,8.0
204,Pablo Sandoval,Giants,108.0,272.0,296.0,73.0,36.0,23.0,0.0,14.0,42.0,41.0,18.0,2.0,67.0,1.0,3.0,2.0,8.0,1.0,0.0,0.268,2019.0,4.72972972972973,19.93243243243243,91.89189189189189,0.33783783783783783,13.85135135135135,14.18918918918919,9,11.0
205,Nomar Mazara,Rangers,116.0,429.0,469.0,115.0,68.0,27.0,1.0,19.0,69.0,66.0,28.0,2.0,108.0,6.0,6.0,0.0,5.0,4.0,1.0,0.268,2019.0,4.051172707889126,20.46908315565032,91.47121535181236,0.8528784648187633,14.072494669509595,14.712153518123667,9,11.0
207,Yairo Munoz,Cardinals,88.0,172.0,181.0,46.0,36.0,7.0,1.0,2.0,20.0,13.0,7.0,0.0,37.0,1.0,1.0,0.0,5.0,8.0,3.0,0.267,2019.0,1.1049723756906078,24.30939226519337,95.02762430939227,4.419889502762431,7.18232044198895,11.049723756906078,2,8.0
208,Yandy Diaz,Rays,79.0,307.0,347.0,82.0,47.0,20.0,1.0,14.0,53.0,38.0,35.0,1.0,61.0,1.0,4.0,0.0,9.0,2.0,2.0,0.267,2019.0,4.034582132564841,19.596541786743515,88.47262247838617,0.5763688760806917,10.951008645533141,15.27377521613833,10,3.0
209,Eloy Jimenez,White Sox,122.0,468.0,504.0,125.0,74.0,18.0,2.0,31.0,69.0,79.0,30.0,0.0,134.0,4.0,2.0,0.0,11.0,0.0,0.0,0.267,2019.0,6.150793650793651,18.650793650793652,92.85714285714286,0.0,15.674603174603174,13.69047619047619,9,11.0
210,Matt Olson,Athletics,127.0,483.0,547.0,129.0,67.0,26.0,0.0,36.0,73.0,91.0,51.0,7.0,138.0,12.0,1.0,0.0,11.0,0.0,0.0,0.267,2019.0,6.581352833638026,17.0018281535649,88.29981718464352,0.0,16.636197440585008,13.345521023765997,5,10.0
211,Jon Jay,White Sox,47.0,165.0,182.0,44.0,36.0,8.0,0.0,0.0,12.0,9.0,8.0,0.0,30.0,3.0,1.0,5.0,1.0,0.0,0.0,0.267,2019.0,0.0,24.175824175824175,90.65934065934066,0.0,4.945054945054945,6.593406593406593,2,8.0
214,Yasiel Puig,- - -,149.0,555.0,611.0,148.0,92.0,30.0,2.0,24.0,76.0,84.0,44.0,1.0,133.0,8.0,4.0,0.0,13.0,19.0,7.0,0.267,2019.0,3.927986906710311,20.29459901800327,90.83469721767594,3.109656301145663,13.747954173486088,12.438625204582651,9,11.0
215,Clint Frazier,Yankees,69.0,225.0,246.0,60.0,34.0,14.0,0.0,12.0,31.0,38.0,16.0,1.0,70.0,2.0,3.0,0.0,2.0,1.0,2.0,0.267,2019.0,4.878048780487805,19.51219512195122,91.46341463414635,0.4065040650406504,15.447154471544716,12.601626016260163,9,11.0
217,Victor Caratini,Cubs,95.0,244.0,279.0,65.0,43.0,11.0,0.0,11.0,31.0,34.0,29.0,0.0,59.0,3.0,3.0,0.0,6.0,1.0,0.0,0.266,2019.0,3.942652329749104,19.35483870967742,87.45519713261649,0.35842293906810035,12.186379928315413,11.11111111111111,4,4.0
218,A.J. Pollock,Dodgers,86.0,308.0,342.0,82.0,51.0,15.0,1.0,15.0,49.0,47.0,23.0,1.0,74.0,7.0,4.0,0.0,7.0,5.0,1.0,0.266,2019.0,4.385964912280702,19.5906432748538,90.05847953216374,1.4619883040935673,13.742690058479532,14.32748538011696,9,11.0
219,Alex Gordon,Royals,150.0,556.0,633.0,148.0,103.0,31.0,1.0,13.0,77.0,76.0,51.0,4.0,100.0,19.0,6.0,1.0,13.0,5.0,3.0,0.266,2019.0,2.0537124802527646,21.327014218009477,87.83570300157977,0.7898894154818326,12.006319115323855,12.164296998420221,10,3.0
220,Andrew Benintendi,Red Sox,138.0,541.0,615.0,144.0,86.0,40.0,5.0,13.0,72.0,68.0,59.0,1.0,140.0,7.0,5.0,3.0,6.0,10.0,3.0,0.266,2019.0,2.113821138211382,21.30081300813008,87.96747967479675,1.6260162601626016,11.05691056910569,11.707317073170731,10,3.0
221,Adam Haseley,Phillies,67.0,222.0,242.0,59.0,40.0,14.0,0.0,5.0,30.0,26.0,14.0,1.0,60.0,5.0,0.0,1.0,7.0,4.0,0.0,0.266,2019.0,2.0661157024793386,22.31404958677686,91.73553719008264,1.6528925619834711,10.743801652892563,12.396694214876034,0,7.0
222,Francisco Mejia,Padres,79.0,226.0,244.0,60.0,39.0,11.0,2.0,8.0,27.0,22.0,13.0,1.0,56.0,4.0,1.0,0.0,6.0,1.0,1.0,0.265,2019.0,3.278688524590164,21.311475409836067,92.62295081967213,0.4098360655737705,9.01639344262295,11.065573770491802,3,5.0
223,Matt Beaty,Dodgers,99.0,249.0,268.0,66.0,37.0,19.0,1.0,9.0,36.0,46.0,17.0,2.0,33.0,2.0,0.0,0.0,6.0,5.0,0.0,0.265,2019.0,3.3582089552238807,21.26865671641791,92.91044776119404,1.8656716417910448,17.16417910447761,13.432835820895523,9,11.0
224,Eric Hosmer,Padres,160.0,619.0,667.0,164.0,111.0,29.0,2.0,22.0,72.0,99.0,40.0,3.0,163.0,3.0,5.0,0.0,12.0,0.0,3.0,0.265,2019.0,3.2983508245877062,21.28935532233883,92.80359820089954,0.0,14.842578710644677,10.794602698650674,0,7.0
225,Jorge Soler,Royals,162.0,589.0,679.0,156.0,74.0,33.0,1.0,48.0,95.0,117.0,73.0,3.0,178.0,10.0,4.0,0.0,16.0,3.0,1.0,0.265,2019.0,7.069219440353461,15.905743740795288,86.74521354933727,0.4418262150220913,17.23122238586156,13.991163475699558,5,10.0
226,Shin-Soo Choo,Rangers,151.0,563.0,660.0,149.0,92.0,31.0,2.0,24.0,93.0,61.0,78.0,3.0,165.0,18.0,1.0,0.0,6.0,15.0,1.0,0.265,2019.0,3.6363636363636362,18.939393939393938,85.3030303030303,2.272727272727273,9.242424242424242,14.090909090909092,10,3.0
227,Jose Osuna,Pirates,95.0,261.0,285.0,69.0,39.0,20.0,0.0,10.0,41.0,36.0,18.0,0.0,48.0,1.0,4.0,0.0,6.0,0.0,0.0,0.264,2019.0,3.508771929824561,20.70175438596491,91.57894736842105,0.0,12.631578947368421,14.385964912280702,9,11.0
228,Kurt Suzuki,Nationals,85.0,280.0,309.0,74.0,46.0,11.0,0.0,17.0,37.0,63.0,20.0,1.0,36.0,6.0,3.0,0.0,10.0,0.0,1.0,0.264,2019.0,5.501618122977346,18.446601941747574,90.61488673139158,0.0,20.388349514563107,11.974110032362459,5,10.0
229,Ian Happ,Cubs,58.0,140.0,156.0,37.0,18.0,7.0,1.0,11.0,25.0,30.0,15.0,0.0,39.0,0.0,1.0,0.0,1.0,2.0,0.0,0.264,2019.0,7.051282051282051,16.666666666666668,89.74358974358974,1.2820512820512822,19.23076923076923,16.025641025641026,5,10.0
230,Andrelton Simmons,Angels,103.0,398.0,424.0,105.0,79.0,19.0,0.0,7.0,47.0,40.0,24.0,1.0,37.0,2.0,0.0,0.0,21.0,10.0,2.0,0.264,2019.0,1.650943396226415,23.11320754716981,93.86792452830188,2.358490566037736,9.433962264150944,11.084905660377359,2,8.0
231,Marwin Gonzalez,Twins,114.0,425.0,463.0,112.0,78.0,19.0,0.0,15.0,52.0,55.0,31.0,2.0,98.0,6.0,1.0,0.0,7.0,1.0,0.0,0.264,2019.0,3.239740820734341,20.950323974082075,91.792656587473,0.2159827213822894,11.879049676025918,11.23110151187905,0,7.0
232,Luke Voit,Yankees,118.0,429.0,510.0,113.0,70.0,21.0,1.0,21.0,72.0,62.0,71.0,2.0,142.0,9.0,1.0,0.0,12.0,0.0,0.0,0.263,2019.0,4.117647058823529,18.03921568627451,84.11764705882354,0.0,12.156862745098039,14.117647058823529,1,2.0
233,Shed Long,Mariners,42.0,152.0,168.0,40.0,22.0,12.0,1.0,5.0,21.0,15.0,16.0,0.0,40.0,0.0,0.0,0.0,1.0,3.0,3.0,0.263,2019.0,2.9761904761904763,20.833333333333332,90.47619047619048,1.7857142857142858,8.928571428571429,12.5,3,5.0
234,Nathaniel Lowe,Rays,50.0,152.0,169.0,40.0,25.0,8.0,0.0,7.0,24.0,19.0,13.0,0.0,50.0,2.0,2.0,0.0,4.0,0.0,0.0,0.263,2019.0,4.1420118343195265,19.526627218934912,89.94082840236686,0.0,11.242603550295858,14.201183431952662,4,4.0
235,Stephen Vogt,Giants,99.0,255.0,280.0,67.0,31.0,24.0,2.0,10.0,30.0,40.0,20.0,1.0,66.0,1.0,4.0,0.0,1.0,3.0,1.0,0.263,2019.0,3.5714285714285716,20.357142857142858,91.07142857142857,1.0714285714285714,14.285714285714286,10.714285714285714,0,7.0
236,Adalberto Mondesi,Royals,102.0,415.0,443.0,109.0,70.0,20.0,10.0,9.0,58.0,62.0,19.0,0.0,132.0,0.0,6.0,3.0,6.0,43.0,7.0,0.263,2019.0,2.0316027088036117,22.573363431151243,93.67945823927765,9.706546275395034,13.99548532731377,13.09255079006772,8,12.0
237,Tyler O'Neill,Cardinals,60.0,141.0,151.0,37.0,26.0,6.0,0.0,5.0,18.0,16.0,10.0,0.0,53.0,0.0,0.0,0.0,3.0,1.0,0.0,0.262,2019.0,3.3112582781456954,21.192052980132452,93.37748344370861,0.6622516556291391,10.596026490066226,11.920529801324504,0,7.0
238,Chris Taylor,Dodgers,124.0,366.0,414.0,96.0,51.0,29.0,4.0,12.0,52.0,52.0,37.0,3.0,115.0,4.0,5.0,2.0,6.0,8.0,0.0,0.262,2019.0,2.898550724637681,20.28985507246377,88.40579710144928,1.932367149758454,12.560386473429952,12.560386473429952,4,4.0
239,Jorge Alfaro,Marlins,130.0,431.0,465.0,113.0,80.0,14.0,1.0,18.0,44.0,57.0,22.0,1.0,154.0,10.0,2.0,0.0,12.0,4.0,4.0,0.262,2019.0,3.870967741935484,20.43010752688172,92.68817204301075,0.8602150537634409,12.258064516129032,9.46236559139785,0,7.0
240,Byron Buxton,Twins,87.0,271.0,295.0,71.0,27.0,30.0,4.0,10.0,48.0,46.0,19.0,1.0,68.0,2.0,1.0,2.0,3.0,14.0,3.0,0.262,2019.0,3.389830508474576,20.677966101694917,91.86440677966101,4.745762711864407,15.59322033898305,16.271186440677965,9,11.0
241,Tony Wolters,Rockies,121.0,359.0,411.0,94.0,74.0,17.0,2.0,1.0,42.0,42.0,36.0,5.0,68.0,8.0,6.0,2.0,9.0,0.0,1.0,0.262,2019.0,0.24330900243309003,22.62773722627737,87.34793187347933,0.0,10.218978102189782,10.218978102189782,10,3.0
242,Jacob Stallings,Pirates,71.0,191.0,210.0,50.0,39.0,5.0,0.0,6.0,26.0,13.0,16.0,5.0,40.0,2.0,0.0,1.0,3.0,0.0,0.0,0.262,2019.0,2.857142857142857,20.952380952380953,90.95238095238095,0.0,6.190476190476191,12.380952380952381,3,5.0
244,Brian Goodwin,Angels,136.0,413.0,458.0,108.0,59.0,29.0,3.0,17.0,65.0,47.0,38.0,2.0,129.0,3.0,3.0,1.0,3.0,7.0,3.0,0.262,2019.0,3.7117903930131004,19.868995633187772,90.17467248908297,1.5283842794759825,10.262008733624453,14.192139737991265,3,5.0
245,Brian Anderson,Marlins,126.0,459.0,520.0,120.0,66.0,33.0,1.0,20.0,57.0,66.0,44.0,1.0,114.0,14.0,3.0,0.0,15.0,5.0,1.0,0.261,2019.0,3.8461538461538463,19.23076923076923,88.26923076923077,0.9615384615384616,12.692307692307692,10.961538461538462,4,4.0
246,Neil Walker,Marlins,115.0,337.0,381.0,88.0,60.0,19.0,1.0,8.0,37.0,38.0,42.0,1.0,77.0,1.0,1.0,0.0,8.0,3.0,0.0,0.261,2019.0,2.099737532808399,20.99737532808399,88.4514435695538,0.7874015748031497,9.973753280839896,9.711286089238845,10,3.0
247,Ji-Man Choi,Rays,127.0,410.0,487.0,107.0,66.0,20.0,2.0,19.0,54.0,63.0,64.0,2.0,108.0,6.0,7.0,0.0,7.0,2.0,3.0,0.261,2019.0,3.9014373716632442,18.069815195071868,84.18891170431212,0.4106776180698152,12.936344969199178,11.08829568788501,1,2.0
248,Joey Votto,Reds,142.0,525.0,608.0,137.0,89.0,32.0,1.0,15.0,79.0,47.0,76.0,2.0,123.0,4.0,3.0,0.0,14.0,5.0,0.0,0.261,2019.0,2.4671052631578947,20.06578947368421,86.34868421052632,0.8223684210526315,7.730263157894737,12.993421052631579,10,3.0
249,Anthony Santander,Orioles,93.0,380.0,405.0,99.0,58.0,20.0,1.0,20.0,46.0,59.0,19.0,0.0,86.0,2.0,3.0,1.0,1.0,1.0,2.0,0.261,2019.0,4.938271604938271,19.506172839506174,93.82716049382717,0.24691358024691357,14.567901234567902,11.358024691358025,0,7.0
250,Freddy Galvis,- - -,147.0,557.0,589.0,145.0,93.0,28.0,1.0,23.0,67.0,70.0,28.0,1.0,145.0,1.0,2.0,1.0,14.0,4.0,2.0,0.26,2019.0,3.904923599320883,20.713073005093378,94.56706281833617,0.6791171477079796,11.884550084889643,11.375212224108658,0,7.0
252,Bryce Harper,Phillies,157.0,573.0,682.0,149.0,77.0,36.0,1.0,35.0,98.0,114.0,99.0,11.0,178.0,6.0,4.0,0.0,10.0,15.0,3.0,0.26,2019.0,5.131964809384164,16.715542521994134,84.01759530791789,2.19941348973607,16.715542521994134,14.36950146627566,6,9.0
253,Ben Zobrist,Cubs,47.0,150.0,176.0,39.0,33.0,5.0,0.0,1.0,24.0,17.0,23.0,0.0,24.0,1.0,2.0,0.0,6.0,0.0,0.0,0.26,2019.0,0.5681818181818182,21.59090909090909,85.22727272727273,0.0,9.659090909090908,13.636363636363637,10,3.0
254,Adam Jones,Diamondbacks,137.0,485.0,528.0,126.0,84.0,25.0,1.0,16.0,66.0,67.0,31.0,2.0,101.0,8.0,3.0,0.0,15.0,2.0,1.0,0.26,2019.0,3.0303030303030303,20.833333333333332,91.85606060606061,0.3787878787878788,12.68939393939394,12.5,0,7.0
255,Lorenzo Cain,Brewers,148.0,562.0,623.0,146.0,105.0,30.0,0.0,11.0,75.0,48.0,50.0,0.0,106.0,6.0,4.0,0.0,14.0,18.0,8.0,0.26,2019.0,1.7656500802568218,21.669341894060995,90.20866773675762,2.889245585874799,7.704654895666132,12.038523274478331,3,5.0
256,Brad Miller,- - -,79.0,154.0,170.0,40.0,20.0,6.0,1.0,13.0,26.0,25.0,15.0,0.0,45.0,1.0,0.0,0.0,2.0,2.0,0.0,0.26,2019.0,7.647058823529412,15.882352941176471,90.58823529411765,1.1764705882352942,14.705882352941176,15.294117647058824,5,10.0
257,Paul Goldschmidt,Cardinals,161.0,597.0,682.0,155.0,95.0,25.0,1.0,34.0,97.0,97.0,78.0,2.0,166.0,2.0,3.0,0.0,11.0,3.0,1.0,0.26,2019.0,4.9853372434017595,17.741935483870968,87.5366568914956,0.4398826979472141,14.222873900293255,14.222873900293255,5,10.0
258,Peter Alonso,Mets,161.0,597.0,693.0,155.0,70.0,30.0,2.0,53.0,103.0,120.0,72.0,6.0,183.0,21.0,3.0,0.0,13.0,1.0,0.0,0.26,2019.0,7.6479076479076475,14.718614718614718,86.14718614718615,0.1443001443001443,17.316017316017316,14.862914862914863,5,10.0
259,Asdrubal Cabrera,- - -,131.0,447.0,514.0,116.0,72.0,25.0,1.0,18.0,69.0,91.0,57.0,2.0,103.0,3.0,7.0,0.0,9.0,4.0,0.0,0.26,2019.0,3.501945525291829,19.06614785992218,86.96498054474708,0.7782101167315175,17.704280155642024,13.424124513618677,5,10.0
261,Christian Walker,Diamondbacks,152.0,529.0,603.0,137.0,81.0,26.0,1.0,29.0,86.0,73.0,67.0,6.0,155.0,6.0,1.0,0.0,11.0,8.0,1.0,0.259,2019.0,4.8092868988391375,17.91044776119403,87.72802653399668,1.3266998341625207,12.106135986733001,14.262023217247098,4,4.0
262,Mike Ford,Yankees,50.0,143.0,163.0,37.0,18.0,7.0,0.0,12.0,30.0,25.0,17.0,2.0,28.0,3.0,0.0,0.0,0.0,0.0,0.0,0.259,2019.0,7.361963190184049,15.337423312883436,87.73006134969326,0.0,15.337423312883436,18.404907975460123,5,10.0
263,Josh Donaldson,Braves,155.0,549.0,659.0,142.0,72.0,33.0,0.0,37.0,96.0,94.0,100.0,2.0,155.0,8.0,2.0,0.0,13.0,4.0,2.0,0.259,2019.0,5.614567526555387,15.933232169954476,83.30804248861912,0.6069802731411229,14.264036418816389,14.56752655538695,6,9.0
264,Kevin Pillar,- - -,161.0,611.0,645.0,158.0,97.0,37.0,3.0,21.0,83.0,88.0,18.0,4.0,89.0,9.0,7.0,0.0,15.0,14.0,5.0,0.259,2019.0,3.255813953488372,21.24031007751938,94.72868217054264,2.1705426356589146,13.643410852713178,12.868217054263566,0,7.0
265,Aristides Aquino,Reds,56.0,205.0,225.0,53.0,26.0,8.0,0.0,19.0,31.0,47.0,16.0,2.0,60.0,2.0,2.0,0.0,5.0,7.0,0.0,0.259,2019.0,8.444444444444445,15.11111111111111,91.11111111111111,3.111111111111111,20.88888888888889,13.777777777777779,5,10.0
267,Scott Kingery,Phillies,126.0,458.0,500.0,118.0,61.0,34.0,4.0,19.0,64.0,55.0,34.0,1.0,147.0,5.0,2.0,1.0,3.0,15.0,4.0,0.258,2019.0,3.8,19.8,91.6,3.0,11.0,12.8,3,5.0
268,Jake Cave,Twins,72.0,198.0,228.0,51.0,30.0,11.0,2.0,8.0,28.0,25.0,21.0,0.0,71.0,8.0,1.0,0.0,5.0,0.0,0.0,0.258,2019.0,3.508771929824561,18.859649122807017,86.84210526315789,0.0,10.964912280701755,12.280701754385966,10,3.0
269,David Bote,Cubs,127.0,303.0,356.0,78.0,50.0,17.0,0.0,11.0,47.0,41.0,44.0,4.0,93.0,7.0,2.0,0.0,11.0,5.0,1.0,0.257,2019.0,3.0898876404494384,18.820224719101123,85.11235955056179,1.404494382022472,11.51685393258427,13.202247191011235,10,3.0
270,Ryan Zimmerman,Nationals,52.0,171.0,190.0,44.0,29.0,9.0,0.0,6.0,20.0,27.0,17.0,0.0,39.0,0.0,2.0,0.0,4.0,0.0,0.0,0.257,2019.0,3.1578947368421053,20.0,90.0,0.0,14.210526315789474,10.526315789473685,0,7.0
271,Michael Conforto,Mets,151.0,549.0,648.0,141.0,78.0,29.0,1.0,33.0,90.0,92.0,84.0,5.0,149.0,10.0,5.0,0.0,11.0,7.0,2.0,0.257,2019.0,5.092592592592593,16.666666666666668,84.72222222222223,1.0802469135802468,14.197530864197532,13.88888888888889,1,2.0
272,Buster Posey,Giants,114.0,405.0,445.0,104.0,73.0,24.0,0.0,7.0,43.0,38.0,34.0,1.0,71.0,4.0,1.0,1.0,18.0,0.0,0.0,0.257,2019.0,1.5730337078651686,21.797752808988765,91.01123595505618,0.0,8.539325842696629,9.662921348314606,3,5.0
273,Robinson Cano,Mets,107.0,390.0,423.0,100.0,59.0,28.0,0.0,13.0,46.0,39.0,25.0,3.0,69.0,5.0,3.0,0.0,16.0,0.0,0.0,0.256,2019.0,3.0732860520094563,20.56737588652482,92.19858156028369,0.0,9.21985815602837,10.874704491725769,3,5.0
274,Jonathan Schoop,Twins,121.0,433.0,464.0,111.0,64.0,23.0,1.0,23.0,61.0,59.0,20.0,1.0,116.0,10.0,1.0,0.0,13.0,1.0,1.0,0.256,2019.0,4.956896551724138,18.96551724137931,93.31896551724138,0.21551724137931033,12.71551724137931,13.14655172413793,0,7.0
275,Nick Senzel,Reds,104.0,375.0,414.0,96.0,60.0,20.0,4.0,12.0,55.0,42.0,30.0,0.0,101.0,3.0,1.0,0.0,7.0,14.0,5.0,0.256,2019.0,2.898550724637681,20.28985507246377,90.57971014492753,3.3816425120772946,10.144927536231885,13.285024154589372,3,5.0
276,Andrew McCutchen,Phillies,59.0,219.0,262.0,56.0,33.0,12.0,1.0,10.0,45.0,29.0,43.0,0.0,55.0,0.0,0.0,0.0,1.0,2.0,1.0,0.256,2019.0,3.816793893129771,17.557251908396946,83.58778625954199,0.7633587786259542,11.068702290076336,17.17557251908397,6,9.0
277,Manny Machado,Padres,156.0,587.0,661.0,150.0,95.0,21.0,2.0,32.0,81.0,85.0,65.0,3.0,128.0,6.0,3.0,0.0,24.0,5.0,3.0,0.256,2019.0,4.841149773071105,17.851739788199698,88.80484114977307,0.75642965204236,12.85930408472012,12.254160363086234,4,4.0
278,Jose Ramirez,Indians,129.0,482.0,542.0,123.0,64.0,33.0,3.0,23.0,68.0,83.0,52.0,3.0,74.0,2.0,6.0,0.0,8.0,24.0,4.0,0.255,2019.0,4.243542435424354,18.45018450184502,88.92988929889299,4.428044280442805,15.313653136531366,12.546125461254613,9,11.0
279,Ian Desmond,Rockies,140.0,443.0,482.0,113.0,58.0,31.0,4.0,20.0,64.0,65.0,34.0,1.0,119.0,2.0,2.0,1.0,12.0,3.0,3.0,0.255,2019.0,4.149377593360996,19.29460580912863,91.90871369294605,0.6224066390041494,13.485477178423237,13.278008298755188,9,11.0
280,Victor Robles,Nationals,155.0,546.0,617.0,139.0,86.0,33.0,3.0,17.0,86.0,65.0,35.0,3.0,140.0,25.0,5.0,6.0,6.0,28.0,9.0,0.255,2019.0,2.755267423014587,19.773095623987032,88.49270664505673,4.538087520259319,10.53484602917342,13.938411669367909,10,3.0
281,Mike Moustakas,Brewers,143.0,523.0,584.0,133.0,67.0,30.0,1.0,35.0,80.0,87.0,53.0,5.0,98.0,6.0,2.0,0.0,12.0,3.0,0.0,0.254,2019.0,5.993150684931507,16.78082191780822,89.55479452054794,0.5136986301369864,14.897260273972602,13.698630136986301,5,10.0
282,Willy Adames,Rays,152.0,531.0,584.0,135.0,89.0,25.0,1.0,20.0,69.0,52.0,46.0,1.0,153.0,3.0,1.0,3.0,9.0,4.0,2.0,0.254,2019.0,3.4246575342465753,19.69178082191781,90.92465753424658,0.684931506849315,8.904109589041095,11.815068493150685,3,5.0
283,Evan Longoria,Giants,129.0,453.0,508.0,115.0,74.0,19.0,2.0,20.0,59.0,69.0,43.0,1.0,112.0,7.0,5.0,0.0,14.0,3.0,1.0,0.254,2019.0,3.937007874015748,18.700787401574804,89.1732283464567,0.5905511811023622,13.582677165354331,11.614173228346457,4,4.0
284,Michael Chavis,Red Sox,95.0,347.0,382.0,88.0,59.0,10.0,1.0,18.0,46.0,58.0,31.0,2.0,127.0,4.0,0.0,0.0,11.0,2.0,1.0,0.254,2019.0,4.712041884816754,18.32460732984293,90.83769633507853,0.5235602094240838,15.18324607329843,12.041884816753926,9,11.0
285,Nick Ahmed,Diamondbacks,158.0,556.0,625.0,141.0,83.0,33.0,6.0,19.0,79.0,82.0,52.0,2.0,113.0,4.0,12.0,1.0,15.0,8.0,2.0,0.254,2019.0,3.04,19.52,88.96,1.28,13.12,12.64,4,4.0
286,Erik Gonzalez,Pirates,53.0,142.0,156.0,36.0,30.0,4.0,1.0,1.0,15.0,6.0,9.0,3.0,37.0,1.0,1.0,3.0,5.0,4.0,1.0,0.254,2019.0,0.6410256410256411,22.435897435897434,91.02564102564102,2.5641025641025643,3.8461538461538463,9.615384615384615,3,5.0
287,C.J. Cron,Twins,125.0,458.0,499.0,116.0,67.0,24.0,0.0,25.0,51.0,78.0,29.0,3.0,107.0,10.0,2.0,0.0,13.0,0.0,0.0,0.253,2019.0,5.01002004008016,18.236472945891784,91.78356713426854,0.0,15.6312625250501,10.220440881763528,11,6.0
288,Joey Gallo,Rangers,70.0,241.0,297.0,61.0,23.0,15.0,1.0,22.0,54.0,49.0,52.0,4.0,114.0,2.0,1.0,1.0,0.0,4.0,2.0,0.253,2019.0,7.407407407407407,13.131313131313131,81.14478114478115,1.3468013468013469,16.4983164983165,18.181818181818183,6,9.0
289,Will Smith,Dodgers,54.0,170.0,196.0,43.0,19.0,9.0,0.0,15.0,30.0,42.0,18.0,1.0,52.0,5.0,3.0,0.0,3.0,2.0,0.0,0.253,2019.0,7.653061224489796,14.285714285714286,86.73469387755102,1.0204081632653061,21.428571428571427,15.306122448979592,5,10.0
290,Domingo Santana,Mariners,121.0,451.0,507.0,114.0,72.0,20.0,1.0,21.0,63.0,69.0,50.0,1.0,164.0,2.0,2.0,0.0,11.0,8.0,3.0,0.253,2019.0,4.1420118343195265,18.34319526627219,88.95463510848126,1.5779092702169626,13.609467455621301,12.42603550295858,4,4.0
291,Yolmer Sanchez,White Sox,149.0,496.0,555.0,125.0,99.0,20.0,4.0,2.0,59.0,43.0,44.0,1.0,117.0,5.0,3.0,7.0,7.0,5.0,4.0,0.252,2019.0,0.36036036036036034,22.16216216216216,89.36936936936937,0.9009009009009009,7.747747747747748,10.63063063063063,3,5.0
292,Max Kepler,Twins,134.0,524.0,596.0,132.0,64.0,32.0,0.0,36.0,98.0,90.0,60.0,0.0,99.0,8.0,4.0,0.0,5.0,1.0,5.0,0.252,2019.0,6.040268456375839,16.107382550335572,87.91946308724832,0.16778523489932887,15.100671140939598,16.44295302013423,5,10.0
294,Matt Duffy,Rays,46.0,147.0,169.0,37.0,28.0,8.0,0.0,1.0,12.0,12.0,19.0,0.0,29.0,2.0,1.0,0.0,4.0,0.0,1.0,0.252,2019.0,0.591715976331361,21.301775147928993,86.98224852071006,0.0,7.100591715976331,7.100591715976331,10,3.0
295,Mitch Moreland,Red Sox,91.0,298.0,335.0,75.0,38.0,17.0,1.0,19.0,48.0,58.0,34.0,0.0,74.0,1.0,2.0,0.0,12.0,1.0,0.0,0.252,2019.0,5.6716417910447765,16.71641791044776,88.95522388059702,0.29850746268656714,17.313432835820894,14.328358208955224,5,10.0
296,Jason Heyward,Cubs,147.0,513.0,589.0,129.0,84.0,20.0,4.0,21.0,78.0,62.0,68.0,5.0,110.0,5.0,3.0,0.0,12.0,8.0,3.0,0.251,2019.0,3.565365025466893,18.33616298811545,87.09677419354838,1.3582342954159592,10.526315789473685,13.242784380305602,10,3.0
297,Kevan Smith,Angels,67.0,191.0,211.0,48.0,31.0,12.0,0.0,5.0,21.0,20.0,16.0,0.0,37.0,3.0,1.0,0.0,8.0,2.0,0.0,0.251,2019.0,2.3696682464454977,20.379146919431278,90.52132701421802,0.9478672985781991,9.47867298578199,9.95260663507109,3,5.0
298,Curt Casali,Reds,84.0,207.0,236.0,52.0,35.0,9.0,0.0,8.0,24.0,32.0,25.0,1.0,59.0,1.0,3.0,0.0,1.0,0.0,0.0,0.251,2019.0,3.389830508474576,18.64406779661017,87.71186440677967,0.0,13.559322033898304,10.169491525423728,4,4.0
299,Travis d'Arnaud,- - -,103.0,351.0,391.0,88.0,56.0,16.0,0.0,16.0,52.0,69.0,32.0,0.0,85.0,2.0,6.0,0.0,4.0,0.0,1.0,0.251,2019.0,4.092071611253197,18.414322250639387,89.769820971867,0.0,17.647058823529413,13.29923273657289,9,11.0
300,Todd Frazier,Mets,133.0,447.0,499.0,112.0,70.0,19.0,2.0,21.0,63.0,67.0,40.0,1.0,106.0,12.0,0.0,0.0,9.0,1.0,2.0,0.251,2019.0,4.208416833667335,18.236472945891784,89.57915831663327,0.20040080160320642,13.42685370741483,12.625250501002004,4,4.0
301,Dansby Swanson,Braves,127.0,483.0,545.0,121.0,75.0,26.0,3.0,17.0,77.0,65.0,51.0,2.0,124.0,5.0,5.0,1.0,7.0,10.0,5.0,0.251,2019.0,3.1192660550458715,19.08256880733945,88.62385321100918,1.834862385321101,11.926605504587156,14.128440366972477,4,4.0
302,Max Muncy,Dodgers,141.0,487.0,589.0,122.0,64.0,22.0,1.0,35.0,101.0,98.0,90.0,1.0,149.0,8.0,4.0,0.0,5.0,4.0,1.0,0.251,2019.0,5.942275042444821,14.770797962648556,82.68251273344652,0.6791171477079796,16.6383701188455,17.147707979626485,6,9.0
303,Brett Gardner,Yankees,141.0,491.0,550.0,123.0,62.0,26.0,7.0,28.0,86.0,74.0,52.0,0.0,108.0,4.0,3.0,0.0,6.0,10.0,2.0,0.251,2019.0,5.090909090909091,17.272727272727273,89.27272727272727,1.8181818181818181,13.454545454545455,15.636363636363637,9,11.0
308,Ryan Goins,White Sox,52.0,144.0,163.0,36.0,27.0,6.0,1.0,2.0,13.0,10.0,17.0,1.0,44.0,1.0,0.0,1.0,7.0,0.0,1.0,0.25,2019.0,1.2269938650306749,20.858895705521473,88.34355828220859,0.0,6.134969325153374,7.975460122699387,3,5.0
311,Marco Hernandez,Red Sox,61.0,148.0,155.0,37.0,28.0,7.0,0.0,2.0,18.0,11.0,3.0,0.0,42.0,3.0,0.0,1.0,1.0,1.0,2.0,0.25,2019.0,1.2903225806451613,22.580645161290324,95.48387096774194,0.6451612903225806,7.096774193548387,11.612903225806452,2,8.0
313,Ryan McMahon,Rockies,141.0,480.0,539.0,120.0,73.0,22.0,1.0,24.0,70.0,83.0,56.0,1.0,160.0,1.0,1.0,1.0,14.0,5.0,1.0,0.25,2019.0,4.452690166975882,17.810760667903526,89.05380333951763,0.9276437847866419,15.398886827458256,12.987012987012987,9,11.0
314,Tim Locastro,Diamondbacks,91.0,212.0,250.0,53.0,38.0,12.0,2.0,1.0,38.0,17.0,14.0,0.0,44.0,22.0,1.0,1.0,1.0,17.0,0.0,0.25,2019.0,0.4,20.8,84.8,6.8,6.8,15.2,10,3.0
331,Kyle Schwarber,Cubs,155.0,529.0,610.0,132.0,62.0,29.0,3.0,38.0,82.0,92.0,70.0,5.0,156.0,5.0,6.0,0.0,6.0,2.0,3.0,0.25,2019.0,6.229508196721311,15.40983606557377,86.72131147540983,0.32786885245901637,15.081967213114755,13.442622950819672,5,10.0
332,Delino DeShields,Rangers,118.0,357.0,408.0,89.0,66.0,15.0,4.0,4.0,42.0,32.0,38.0,0.0,100.0,3.0,2.0,8.0,8.0,24.0,6.0,0.249,2019.0,0.9803921568627451,20.833333333333332,87.5,5.882352941176471,7.8431372549019605,10.294117647058824,10,3.0
333,Stephen Piscotty,Athletics,93.0,357.0,393.0,89.0,58.0,17.0,1.0,13.0,46.0,44.0,29.0,0.0,84.0,3.0,3.0,1.0,13.0,2.0,0.0,0.249,2019.0,3.3078880407124682,19.338422391857506,90.83969465648855,0.5089058524173028,11.195928753180661,11.704834605597965,4,4.0
334,Pedro Severino,Orioles,96.0,305.0,341.0,76.0,50.0,13.0,0.0,13.0,37.0,44.0,29.0,0.0,73.0,4.0,2.0,1.0,5.0,3.0,1.0,0.249,2019.0,3.812316715542522,18.475073313782993,89.44281524926686,0.8797653958944281,12.903225806451612,10.850439882697946,4,4.0
335,Brian McCann,Braves,85.0,277.0,316.0,69.0,48.0,9.0,0.0,12.0,28.0,45.0,31.0,1.0,53.0,2.0,6.0,0.0,10.0,0.0,0.0,0.249,2019.0,3.7974683544303796,18.037974683544302,87.65822784810126,0.0,14.240506329113924,8.860759493670885,4,4.0
336,Josh Naylor,Padres,94.0,253.0,279.0,63.0,40.0,15.0,0.0,8.0,29.0,32.0,25.0,1.0,64.0,0.0,1.0,0.0,4.0,1.0,1.0,0.249,2019.0,2.867383512544803,19.71326164874552,90.68100358422939,0.35842293906810035,11.469534050179211,10.394265232974911,4,4.0
337,Franmil Reyes,- - -,150.0,494.0,548.0,123.0,67.0,19.0,0.0,37.0,69.0,81.0,47.0,1.0,156.0,0.0,7.0,0.0,15.0,0.0,0.0,0.249,2019.0,6.751824817518248,15.693430656934307,90.14598540145985,0.0,14.781021897810218,12.591240875912408,11,6.0
338,Joc Pederson,Dodgers,149.0,450.0,514.0,112.0,57.0,16.0,3.0,36.0,83.0,74.0,50.0,2.0,111.0,12.0,2.0,0.0,4.0,1.0,1.0,0.249,2019.0,7.003891050583658,14.785992217898833,87.54863813229572,0.19455252918287938,14.396887159533074,16.147859922178988,5,10.0
339,Matt Chapman,Athletics,156.0,583.0,670.0,145.0,70.0,36.0,3.0,36.0,102.0,91.0,73.0,0.0,147.0,11.0,3.0,0.0,12.0,1.0,1.0,0.249,2019.0,5.373134328358209,16.26865671641791,87.01492537313433,0.14925373134328357,13.582089552238806,15.223880597014926,5,10.0
340,Niko Goodrum,Tigers,112.0,423.0,472.0,105.0,61.0,27.0,5.0,12.0,61.0,45.0,46.0,1.0,138.0,1.0,2.0,0.0,7.0,12.0,3.0,0.248,2019.0,2.542372881355932,19.703389830508474,89.61864406779661,2.542372881355932,9.533898305084746,12.923728813559322,3,5.0
341,Brandon Dixon,Tigers,118.0,391.0,420.0,97.0,58.0,20.0,4.0,15.0,41.0,52.0,21.0,0.0,136.0,4.0,4.0,0.0,5.0,5.0,1.0,0.248,2019.0,3.5714285714285716,19.523809523809526,93.0952380952381,1.1904761904761905,12.380952380952381,9.761904761904763,0,7.0
343,Greg Garcia,Padres,134.0,311.0,372.0,77.0,56.0,13.0,4.0,4.0,52.0,31.0,53.0,1.0,83.0,5.0,2.0,1.0,4.0,0.0,2.0,0.248,2019.0,1.075268817204301,19.623655913978496,83.60215053763442,0.0,8.333333333333334,13.978494623655914,10,3.0
344,Ben Gamel,Brewers,134.0,311.0,356.0,77.0,52.0,18.0,0.0,7.0,47.0,33.0,40.0,2.0,104.0,3.0,2.0,0.0,0.0,2.0,2.0,0.248,2019.0,1.9662921348314606,19.662921348314608,87.35955056179775,0.5617977528089888,9.269662921348315,13.202247191011235,10,3.0
345,Garrett Hampson,Rockies,105.0,299.0,327.0,74.0,53.0,9.0,4.0,8.0,40.0,27.0,24.0,1.0,88.0,0.0,2.0,2.0,2.0,15.0,3.0,0.247,2019.0,2.4464831804281344,20.18348623853211,91.43730886850153,4.587155963302752,8.256880733944953,12.232415902140673,3,5.0
346,Eric Thames,Brewers,149.0,396.0,459.0,98.0,48.0,23.0,2.0,25.0,67.0,61.0,51.0,4.0,140.0,10.0,2.0,0.0,0.0,3.0,2.0,0.247,2019.0,5.446623093681917,15.904139433551197,86.27450980392157,0.6535947712418301,13.289760348583878,14.596949891067538,1,2.0
347,Miguel Sano,Twins,105.0,380.0,439.0,94.0,39.0,19.0,2.0,34.0,76.0,79.0,55.0,0.0,159.0,3.0,1.0,0.0,5.0,0.0,1.0,0.247,2019.0,7.744874715261959,13.66742596810934,86.56036446469248,0.0,17.995444191343964,17.312072892938495,5,10.0
349,Ender Inciarte,Braves,65.0,199.0,230.0,49.0,31.0,11.0,2.0,5.0,30.0,24.0,26.0,2.0,41.0,4.0,1.0,0.0,1.0,7.0,1.0,0.246,2019.0,2.1739130434782608,19.130434782608695,86.52173913043478,3.0434782608695654,10.434782608695652,13.043478260869565,10,3.0
350,Cheslor Cuthbert,Royals,87.0,309.0,330.0,76.0,53.0,14.0,0.0,9.0,24.0,40.0,19.0,1.0,67.0,2.0,0.0,0.0,14.0,1.0,0.0,0.246,2019.0,2.727272727272727,20.303030303030305,93.63636363636364,0.30303030303030304,12.121212121212121,7.2727272727272725,0,7.0
352,Yasmani Grandal,Brewers,153.0,513.0,632.0,126.0,70.0,26.0,2.0,28.0,79.0,77.0,109.0,2.0,139.0,5.0,5.0,0.0,16.0,5.0,1.0,0.246,2019.0,4.430379746835443,15.50632911392405,81.17088607594937,0.7911392405063291,12.183544303797468,12.5,1,2.0
353,Dawel Lugo,Tigers,77.0,273.0,288.0,67.0,46.0,11.0,4.0,6.0,28.0,26.0,8.0,1.0,59.0,3.0,4.0,0.0,8.0,0.0,0.0,0.245,2019.0,2.0833333333333335,21.180555555555557,94.79166666666667,0.0,9.027777777777779,9.722222222222221,2,8.0
355,Carson Kelly,Diamondbacks,111.0,314.0,365.0,77.0,40.0,19.0,0.0,18.0,46.0,47.0,48.0,10.0,79.0,2.0,1.0,0.0,11.0,0.0,0.0,0.245,2019.0,4.931506849315069,16.164383561643834,86.02739726027397,0.0,12.876712328767123,12.602739726027398,1,2.0
357,Jason Kipnis,Indians,121.0,458.0,511.0,112.0,71.0,23.0,1.0,17.0,52.0,65.0,40.0,2.0,88.0,2.0,6.0,5.0,7.0,7.0,2.0,0.245,2019.0,3.3268101761252447,18.59099804305284,89.62818003913894,1.36986301369863,12.720156555772995,10.176125244618396,4,4.0
358,Albert Pujols,Angels,131.0,491.0,545.0,120.0,75.0,22.0,0.0,23.0,55.0,93.0,43.0,1.0,68.0,3.0,8.0,0.0,21.0,3.0,0.0,0.244,2019.0,4.220183486238532,17.798165137614678,90.09174311926606,0.5504587155963303,17.06422018348624,10.091743119266056,11,6.0
359,Joe Panik,- - -,142.0,438.0,491.0,107.0,79.0,21.0,2.0,5.0,50.0,39.0,43.0,2.0,47.0,4.0,4.0,2.0,6.0,4.0,2.0,0.244,2019.0,1.0183299389002036,20.773930753564155,89.20570264765784,0.814663951120163,7.942973523421589,10.183299389002036,3,5.0
361,Edwin Encarnacion,- - -,109.0,418.0,486.0,102.0,50.0,18.0,0.0,34.0,81.0,86.0,58.0,1.0,103.0,7.0,3.0,0.0,4.0,0.0,1.0,0.244,2019.0,6.995884773662551,13.991769547325102,86.0082304526749,0.0,17.695473251028808,16.666666666666668,5,10.0
362,Renato Nunez,Orioles,151.0,541.0,599.0,132.0,77.0,24.0,0.0,31.0,72.0,90.0,44.0,1.0,143.0,10.0,4.0,0.0,9.0,1.0,1.0,0.244,2019.0,5.175292153589315,16.86143572621035,90.31719532554257,0.1669449081803005,15.025041736227045,12.020033388981636,11,6.0
363,Marcell Ozuna,Cardinals,130.0,485.0,549.0,118.0,65.0,23.0,1.0,29.0,80.0,89.0,62.0,2.0,114.0,1.0,1.0,0.0,21.0,12.0,2.0,0.243,2019.0,5.2823315118397085,16.21129326047359,88.3424408014572,2.185792349726776,16.21129326047359,14.571948998178506,5,10.0
365,Adam Engel,White Sox,89.0,227.0,248.0,55.0,37.0,10.0,2.0,6.0,26.0,26.0,14.0,0.0,78.0,6.0,0.0,1.0,5.0,3.0,3.0,0.242,2019.0,2.4193548387096775,19.758064516129032,91.53225806451613,1.2096774193548387,10.483870967741936,10.483870967741936,3,5.0
366,Gregory Polanco,Pirates,42.0,153.0,167.0,37.0,22.0,8.0,1.0,6.0,23.0,17.0,12.0,1.0,49.0,1.0,0.0,0.0,4.0,3.0,1.0,0.242,2019.0,3.592814371257485,18.562874251497007,91.61676646706587,1.7964071856287425,10.179640718562874,13.77245508982036,3,5.0
367,Adeiny Hechavarria,- - -,84.0,203.0,221.0,49.0,27.0,12.0,1.0,9.0,34.0,33.0,14.0,0.0,48.0,3.0,1.0,0.0,3.0,3.0,1.0,0.241,2019.0,4.072398190045249,18.099547511312217,91.8552036199095,1.3574660633484164,14.93212669683258,15.384615384615385,9,11.0
368,Elias Diaz,Pirates,101.0,303.0,332.0,73.0,57.0,14.0,0.0,2.0,31.0,28.0,23.0,0.0,56.0,2.0,3.0,1.0,11.0,0.0,0.0,0.241,2019.0,0.6024096385542169,21.3855421686747,91.26506024096386,0.0,8.433734939759036,9.337349397590362,3,5.0
369,Dwight Smith Jr.,Orioles,101.0,357.0,392.0,86.0,54.0,16.0,3.0,13.0,46.0,53.0,26.0,0.0,82.0,4.0,4.0,1.0,8.0,5.0,1.0,0.241,2019.0,3.316326530612245,18.622448979591837,91.07142857142857,1.2755102040816326,13.520408163265307,11.73469387755102,4,4.0
370,Robbie Grossman,Athletics,138.0,420.0,482.0,101.0,71.0,21.0,3.0,6.0,57.0,38.0,59.0,2.0,86.0,1.0,2.0,0.0,7.0,9.0,4.0,0.24,2019.0,1.2448132780082988,19.70954356846473,87.13692946058092,1.8672199170124482,7.8838174273858925,11.825726141078839,10,3.0
371,Chad Pinder,Athletics,124.0,341.0,370.0,82.0,48.0,21.0,0.0,13.0,45.0,47.0,20.0,0.0,88.0,5.0,3.0,1.0,11.0,0.0,1.0,0.24,2019.0,3.5135135135135136,18.64864864864865,92.16216216216216,0.0,12.702702702702704,12.162162162162161,0,7.0
372,Nicky Lopez,Royals,103.0,379.0,402.0,91.0,65.0,22.0,2.0,2.0,44.0,30.0,18.0,0.0,51.0,1.0,0.0,4.0,5.0,1.0,1.0,0.24,2019.0,0.4975124378109453,22.139303482587064,94.27860696517413,0.24875621890547264,7.462686567164179,10.945273631840797,2,8.0
374,Jose Peraza,Reds,141.0,376.0,403.0,90.0,64.0,18.0,2.0,6.0,37.0,33.0,17.0,0.0,58.0,8.0,2.0,0.0,9.0,7.0,6.0,0.239,2019.0,1.488833746898263,20.843672456575682,93.30024813895781,1.7369727047146402,8.188585607940446,9.181141439205955,3,5.0
375,Kyle Seager,Mariners,106.0,393.0,443.0,94.0,51.0,19.0,1.0,23.0,55.0,63.0,44.0,0.0,86.0,4.0,2.0,0.0,12.0,2.0,2.0,0.239,2019.0,5.191873589164786,16.02708803611738,88.71331828442437,0.45146726862302483,14.221218961625283,12.415349887133182,11,6.0
376,Wil Myers,Padres,155.0,435.0,490.0,104.0,63.0,22.0,1.0,18.0,58.0,53.0,51.0,0.0,168.0,2.0,1.0,1.0,12.0,16.0,7.0,0.239,2019.0,3.673469387755102,17.551020408163264,88.77551020408163,3.2653061224489797,10.816326530612244,11.83673469387755,4,4.0
377,Roberto Perez,Indians,119.0,389.0,449.0,93.0,59.0,9.0,1.0,24.0,46.0,63.0,45.0,1.0,127.0,4.0,4.0,7.0,12.0,0.0,0.0,0.239,2019.0,5.3452115812917596,15.367483296213809,86.6369710467706,0.0,14.031180400890868,10.244988864142538,1,2.0
378,Josh Phegley,Athletics,106.0,314.0,342.0,75.0,45.0,18.0,0.0,12.0,44.0,62.0,15.0,0.0,63.0,6.0,5.0,2.0,11.0,0.0,1.0,0.239,2019.0,3.508771929824561,18.42105263157895,91.81286549707602,0.0,18.128654970760234,12.865497076023392,9,11.0
379,Dexter Fowler,Cardinals,150.0,487.0,574.0,116.0,72.0,24.0,1.0,19.0,69.0,67.0,74.0,1.0,142.0,8.0,4.0,1.0,6.0,8.0,5.0,0.238,2019.0,3.3101045296167246,16.898954703832754,84.84320557491289,1.3937282229965158,11.67247386759582,12.020905923344948,1,2.0
381,Austin Slater,Giants,68.0,168.0,192.0,40.0,23.0,9.0,3.0,5.0,20.0,21.0,22.0,1.0,59.0,2.0,0.0,0.0,1.0,1.0,0.0,0.238,2019.0,2.6041666666666665,18.229166666666668,87.5,0.5208333333333334,10.9375,10.416666666666666,4,4.0
384,Luis Rengifo,Angels,108.0,357.0,406.0,85.0,57.0,18.0,3.0,7.0,44.0,33.0,40.0,0.0,93.0,5.0,3.0,1.0,6.0,2.0,5.0,0.238,2019.0,1.7241379310344827,19.211822660098523,87.93103448275862,0.49261083743842365,8.12807881773399,10.83743842364532,10,3.0
385,Brian Dozier,Nationals,135.0,416.0,482.0,99.0,59.0,20.0,0.0,20.0,54.0,50.0,61.0,2.0,105.0,4.0,1.0,0.0,11.0,3.0,4.0,0.238,2019.0,4.149377593360996,16.390041493775932,86.30705394190872,0.6224066390041494,10.37344398340249,11.203319502074688,1,2.0
386,Robinson Chirinos,Astros,114.0,366.0,437.0,87.0,47.0,22.0,1.0,17.0,57.0,58.0,51.0,1.0,125.0,13.0,5.0,2.0,11.0,1.0,2.0,0.238,2019.0,3.8901601830663615,16.018306636155607,83.75286041189932,0.2288329519450801,13.272311212814646,13.043478260869565,1,2.0
387,Didi Gregorius,Yankees,82.0,324.0,344.0,77.0,45.0,14.0,2.0,16.0,47.0,61.0,17.0,1.0,53.0,1.0,2.0,0.0,5.0,2.0,1.0,0.238,2019.0,4.651162790697675,17.732558139534884,94.18604651162791,0.5813953488372093,17.732558139534884,13.662790697674419,9,11.0
388,Isiah Kiner-Falefa,Rangers,65.0,202.0,222.0,48.0,34.0,12.0,1.0,1.0,23.0,21.0,14.0,0.0,49.0,4.0,1.0,1.0,9.0,3.0,0.0,0.238,2019.0,0.45045045045045046,21.17117117117117,90.990990990991,1.3513513513513513,9.45945945945946,10.36036036036036,3,5.0
389,Addison Russell,Cubs,82.0,215.0,241.0,51.0,37.0,4.0,1.0,9.0,25.0,23.0,20.0,2.0,58.0,3.0,2.0,1.0,7.0,2.0,0.0,0.237,2019.0,3.7344398340248963,17.42738589211618,89.2116182572614,0.8298755186721992,9.54356846473029,10.37344398340249,4,4.0
390,Tim Beckham,Mariners,88.0,304.0,328.0,72.0,35.0,21.0,1.0,15.0,39.0,47.0,21.0,0.0,102.0,3.0,0.0,0.0,7.0,1.0,3.0,0.237,2019.0,4.573170731707317,17.378048780487806,92.6829268292683,0.3048780487804878,14.329268292682928,11.890243902439025,11,6.0
391,Josh VanMeter,Reds,95.0,228.0,260.0,54.0,32.0,13.0,1.0,8.0,33.0,23.0,29.0,0.0,56.0,2.0,1.0,0.0,5.0,9.0,3.0,0.237,2019.0,3.076923076923077,17.692307692307693,87.6923076923077,3.4615384615384617,8.846153846153847,12.692307692307692,10,3.0
392,Enrique Hernandez,Dodgers,130.0,414.0,460.0,98.0,61.0,19.0,1.0,17.0,57.0,64.0,36.0,3.0,97.0,6.0,4.0,0.0,9.0,4.0,0.0,0.237,2019.0,3.6956521739130435,17.608695652173914,90.0,0.8695652173913043,13.91304347826087,12.391304347826088,4,4.0
393,Ryon Healy,Mariners,47.0,169.0,187.0,40.0,17.0,16.0,0.0,7.0,24.0,26.0,13.0,0.0,40.0,1.0,4.0,0.0,1.0,0.0,0.0,0.237,2019.0,3.7433155080213902,17.647058823529413,90.37433155080214,0.0,13.903743315508022,12.834224598930481,4,4.0
394,Albert Almora Jr.,Cubs,130.0,339.0,363.0,80.0,56.0,11.0,1.0,12.0,41.0,32.0,16.0,4.0,62.0,1.0,2.0,5.0,8.0,2.0,1.0,0.236,2019.0,3.3057851239669422,18.732782369146005,93.38842975206612,0.5509641873278237,8.81542699724518,11.294765840220386,3,5.0
395,Jesus Aguilar,- - -,131.0,314.0,369.0,74.0,50.0,12.0,0.0,12.0,39.0,50.0,43.0,0.0,81.0,2.0,7.0,0.0,12.0,0.0,0.0,0.236,2019.0,3.252032520325203,16.802168021680217,85.09485094850949,0.0,13.550135501355014,10.56910569105691,1,2.0
397,Aaron Hicks,Yankees,59.0,221.0,255.0,52.0,30.0,10.0,0.0,12.0,41.0,36.0,31.0,0.0,72.0,0.0,3.0,0.0,2.0,1.0,2.0,0.235,2019.0,4.705882352941177,15.686274509803921,86.66666666666667,0.39215686274509803,14.117647058823529,16.07843137254902,6,9.0
398,JaCoby Jones,Tigers,88.0,298.0,333.0,70.0,37.0,19.0,3.0,11.0,39.0,26.0,27.0,2.0,94.0,6.0,1.0,1.0,6.0,7.0,2.0,0.235,2019.0,3.3033033033033035,17.71771771771772,89.48948948948949,2.1021021021021022,7.807807807807808,11.711711711711711,3,5.0
399,Cavan Biggio,Blue Jays,100.0,354.0,430.0,83.0,48.0,17.0,2.0,16.0,66.0,48.0,71.0,0.0,123.0,2.0,2.0,0.0,0.0,14.0,0.0,0.234,2019.0,3.7209302325581395,15.581395348837209,82.32558139534883,3.255813953488372,11.162790697674419,15.348837209302326,1,2.0
401,Maikel Franco,Phillies,123.0,389.0,428.0,91.0,57.0,17.0,0.0,17.0,48.0,56.0,36.0,19.0,61.0,0.0,3.0,0.0,14.0,0.0,0.0,0.234,2019.0,3.97196261682243,17.289719626168225,90.88785046728972,0.0,13.08411214953271,11.214953271028037,4,4.0
402,Brandon Belt,Giants,156.0,526.0,616.0,123.0,71.0,32.0,3.0,17.0,76.0,57.0,83.0,3.0,127.0,3.0,4.0,0.0,6.0,4.0,3.0,0.234,2019.0,2.75974025974026,17.207792207792206,85.3896103896104,0.6493506493506493,9.253246753246753,12.337662337662337,10,3.0
403,Steven Duggar,Giants,73.0,261.0,281.0,61.0,43.0,12.0,2.0,4.0,26.0,28.0,16.0,0.0,78.0,1.0,3.0,0.0,1.0,1.0,4.0,0.234,2019.0,1.4234875444839858,20.284697508896798,92.88256227758008,0.35587188612099646,9.9644128113879,9.252669039145907,0,7.0
404,Ty France,Padres,69.0,184.0,201.0,43.0,27.0,8.0,1.0,7.0,20.0,24.0,9.0,0.0,49.0,7.0,1.0,0.0,8.0,0.0,2.0,0.234,2019.0,3.482587064676617,17.91044776119403,91.54228855721394,0.0,11.940298507462687,9.950248756218905,4,4.0
405,Manuel Margot,Padres,151.0,398.0,441.0,93.0,59.0,19.0,3.0,12.0,59.0,37.0,38.0,1.0,88.0,2.0,0.0,3.0,6.0,20.0,4.0,0.234,2019.0,2.7210884353741496,18.367346938775512,90.24943310657596,4.535147392290249,8.390022675736962,13.378684807256235,3,5.0
406,Gerardo Parra,- - -,119.0,274.0,301.0,64.0,40.0,14.0,1.0,9.0,38.0,48.0,19.0,3.0,59.0,5.0,2.0,1.0,7.0,8.0,3.0,0.234,2019.0,2.990033222591362,18.272425249169434,91.0299003322259,2.6578073089700998,15.946843853820598,12.624584717607974,9,11.0
409,Paul DeJong,Cardinals,159.0,583.0,664.0,136.0,74.0,31.0,1.0,30.0,97.0,78.0,62.0,1.0,149.0,13.0,6.0,0.0,15.0,9.0,5.0,0.233,2019.0,4.518072289156627,15.963855421686747,87.8012048192771,1.355421686746988,11.74698795180723,14.608433734939759,1,2.0
410,Christin Stewart,Tigers,104.0,369.0,416.0,86.0,50.0,25.0,1.0,10.0,32.0,40.0,34.0,3.0,103.0,7.0,6.0,0.0,4.0,0.0,1.0,0.233,2019.0,2.4038461538461537,18.26923076923077,88.70192307692308,0.0,9.615384615384615,7.6923076923076925,7,1.0
411,Jake Marisnick,Astros,120.0,292.0,318.0,68.0,39.0,16.0,3.0,10.0,46.0,34.0,17.0,0.0,95.0,6.0,0.0,3.0,6.0,10.0,3.0,0.233,2019.0,3.1446540880503147,18.238993710691823,91.82389937106919,3.1446540880503147,10.69182389937107,14.465408805031446,3,5.0
412,Johan Camargo,Braves,98.0,232.0,248.0,54.0,34.0,12.0,1.0,7.0,31.0,32.0,15.0,2.0,43.0,0.0,0.0,1.0,5.0,1.0,0.0,0.233,2019.0,2.8225806451612905,18.951612903225808,93.54838709677419,0.4032258064516129,12.903225806451612,12.5,0,7.0
413,Martin Prado,Marlins,104.0,245.0,260.0,57.0,46.0,9.0,0.0,2.0,26.0,15.0,12.0,0.0,41.0,0.0,3.0,0.0,10.0,0.0,0.0,0.233,2019.0,0.7692307692307693,21.153846153846153,94.23076923076923,0.0,5.769230769230769,10.0,3,5.0
415,Rio Ruiz,Orioles,127.0,370.0,413.0,86.0,59.0,13.0,2.0,12.0,35.0,46.0,40.0,0.0,88.0,0.0,2.0,1.0,12.0,0.0,1.0,0.232,2019.0,2.9055690072639226,17.91767554479419,89.58837772397095,0.0,11.138014527845037,8.474576271186441,4,4.0
416,Gary Sanchez,Yankees,106.0,396.0,446.0,92.0,45.0,12.0,1.0,34.0,62.0,77.0,40.0,3.0,125.0,9.0,1.0,0.0,3.0,0.0,1.0,0.232,2019.0,7.623318385650224,13.004484304932735,88.78923766816143,0.0,17.26457399103139,13.90134529147982,5,10.0
417,Jonathan Lucroy,- - -,101.0,293.0,328.0,68.0,49.0,10.0,1.0,8.0,30.0,36.0,27.0,1.0,51.0,5.0,3.0,0.0,17.0,0.0,0.0,0.232,2019.0,2.4390243902439024,18.29268292682927,89.32926829268293,0.0,10.975609756097562,9.146341463414634,4,4.0
418,Randal Grichuk,Blue Jays,151.0,586.0,628.0,136.0,71.0,29.0,5.0,31.0,75.0,80.0,35.0,0.0,163.0,5.0,2.0,0.0,20.0,2.0,1.0,0.232,2019.0,4.936305732484076,16.719745222929937,93.31210191082802,0.3184713375796178,12.738853503184714,11.94267515923567,11,6.0
419,Jason Castro,Twins,79.0,237.0,275.0,55.0,33.0,9.0,0.0,13.0,39.0,30.0,33.0,0.0,88.0,3.0,1.0,1.0,0.0,0.0,0.0,0.232,2019.0,4.7272727272727275,15.272727272727273,86.18181818181819,0.0,10.909090909090908,14.181818181818182,1,2.0
420,Kole Calhoun,Angels,152.0,552.0,632.0,128.0,65.0,29.0,1.0,33.0,92.0,74.0,70.0,7.0,162.0,7.0,2.0,0.0,14.0,4.0,1.0,0.232,2019.0,5.2215189873417724,15.031645569620252,87.34177215189874,0.6329113924050633,11.708860759493671,14.556962025316455,1,2.0
422,Joey Wendle,Rays,75.0,238.0,263.0,55.0,37.0,13.0,2.0,3.0,32.0,19.0,14.0,0.0,47.0,8.0,3.0,0.0,4.0,8.0,3.0,0.231,2019.0,1.1406844106463878,19.771863117870723,90.49429657794677,3.041825095057034,7.224334600760456,12.167300380228136,3,5.0
423,Tucker Barnhart,Reds,114.0,316.0,364.0,73.0,48.0,14.0,0.0,11.0,32.0,40.0,44.0,7.0,83.0,2.0,1.0,1.0,5.0,1.0,0.0,0.231,2019.0,3.021978021978022,17.032967032967033,86.81318681318682,0.27472527472527475,10.989010989010989,8.791208791208792,4,4.0
424,Trent Grisham,Brewers,51.0,156.0,183.0,36.0,22.0,6.0,2.0,6.0,24.0,24.0,20.0,0.0,48.0,4.0,3.0,0.0,3.0,1.0,0.0,0.231,2019.0,3.278688524590164,16.39344262295082,85.24590163934427,0.546448087431694,13.114754098360656,13.114754098360656,1,2.0
425,Teoscar Hernandez,Blue Jays,125.0,417.0,464.0,96.0,49.0,19.0,2.0,26.0,58.0,65.0,45.0,1.0,153.0,1.0,1.0,0.0,8.0,6.0,3.0,0.23,2019.0,5.603448275862069,15.086206896551724,89.87068965517241,1.293103448275862,14.008620689655173,12.5,11,6.0
426,Jarrod Dyson,Diamondbacks,130.0,400.0,452.0,92.0,72.0,11.0,2.0,7.0,65.0,27.0,47.0,0.0,86.0,2.0,2.0,1.0,1.0,30.0,4.0,0.23,2019.0,1.5486725663716814,18.805309734513273,88.49557522123894,6.6371681415929205,5.9734513274336285,14.380530973451327,3,5.0
428,Kyle Farmer,Reds,97.0,183.0,197.0,42.0,27.0,6.0,0.0,9.0,22.0,27.0,10.0,1.0,59.0,3.0,1.0,0.0,1.0,4.0,1.0,0.23,2019.0,4.568527918781726,16.751269035532996,92.89340101522842,2.030456852791878,13.705583756345177,11.16751269035533,11,6.0
429,Greg Allen,Indians,89.0,231.0,256.0,53.0,37.0,9.0,3.0,4.0,30.0,27.0,11.0,1.0,53.0,9.0,1.0,4.0,3.0,8.0,2.0,0.229,2019.0,1.5625,19.140625,90.234375,3.125,10.546875,11.71875,3,5.0
430,Charlie Tilson,White Sox,54.0,144.0,157.0,33.0,27.0,5.0,0.0,1.0,16.0,12.0,10.0,1.0,38.0,3.0,0.0,0.0,1.0,4.0,0.0,0.229,2019.0,0.6369426751592356,20.38216560509554,91.71974522292993,2.5477707006369426,7.643312101910828,10.19108280254777,3,5.0
432,Tyler Flowers,Braves,85.0,271.0,310.0,62.0,37.0,11.0,3.0,11.0,36.0,34.0,31.0,3.0,105.0,6.0,2.0,0.0,8.0,0.0,0.0,0.229,2019.0,3.5483870967741935,16.451612903225808,87.41935483870968,0.0,10.96774193548387,11.612903225806452,4,4.0
433,Hernan Perez,Brewers,91.0,232.0,246.0,53.0,34.0,11.0,0.0,8.0,29.0,18.0,11.0,0.0,66.0,0.0,1.0,2.0,9.0,5.0,1.0,0.228,2019.0,3.252032520325203,18.29268292682927,94.3089430894309,2.032520325203252,7.317073170731708,11.788617886178862,3,5.0
434,Kevin Kiermaier,Rays,129.0,447.0,480.0,102.0,61.0,20.0,7.0,14.0,60.0,55.0,26.0,2.0,104.0,5.0,1.0,1.0,8.0,19.0,5.0,0.228,2019.0,2.9166666666666665,18.333333333333332,93.125,3.9583333333333335,11.458333333333334,12.5,3,5.0
436,Brandon Crawford,Giants,147.0,500.0,560.0,114.0,77.0,24.0,2.0,11.0,58.0,59.0,53.0,5.0,117.0,3.0,4.0,0.0,10.0,3.0,2.0,0.228,2019.0,1.9642857142857142,18.392857142857142,89.28571428571429,0.5357142857142857,10.535714285714286,10.357142857142858,4,4.0
437,Manny Pina,Brewers,76.0,158.0,179.0,36.0,21.0,8.0,0.0,7.0,10.0,25.0,16.0,1.0,50.0,4.0,1.0,0.0,1.0,0.0,0.0,0.228,2019.0,3.910614525139665,16.201117318435752,88.26815642458101,0.0,13.966480446927374,5.58659217877095,4,4.0
438,Eduardo Nunez,Red Sox,60.0,167.0,174.0,38.0,29.0,7.0,0.0,2.0,13.0,20.0,4.0,0.0,27.0,0.0,2.0,1.0,6.0,5.0,1.0,0.228,2019.0,1.1494252873563218,20.689655172413794,95.97701149425288,2.8735632183908044,11.494252873563218,7.471264367816092,0,7.0
439,Mallex Smith,Mariners,134.0,510.0,566.0,116.0,82.0,19.0,9.0,6.0,70.0,37.0,42.0,0.0,141.0,11.0,1.0,2.0,7.0,46.0,9.0,0.227,2019.0,1.0600706713780919,19.434628975265017,90.10600706713781,8.12720848056537,6.5371024734982335,12.36749116607774,3,5.0
442,Logan Forsythe,Rangers,101.0,317.0,367.0,72.0,47.0,17.0,1.0,7.0,38.0,39.0,44.0,0.0,100.0,3.0,2.0,0.0,8.0,2.0,0.0,0.227,2019.0,1.9073569482288828,17.71117166212534,86.37602179836512,0.5449591280653951,10.626702997275205,10.354223433242506,4,4.0
443,Rowdy Tellez,Blue Jays,111.0,370.0,409.0,84.0,44.0,19.0,0.0,21.0,49.0,54.0,29.0,3.0,116.0,7.0,3.0,0.0,9.0,1.0,1.0,0.227,2019.0,5.134474327628362,15.403422982885086,90.46454767726162,0.24449877750611246,13.202933985330073,11.98044009779951,11,6.0
445,Rhys Hoskins,Phillies,160.0,570.0,705.0,129.0,62.0,33.0,5.0,29.0,86.0,85.0,116.0,6.0,173.0,11.0,6.0,0.0,10.0,2.0,2.0,0.226,2019.0,4.113475177304965,14.184397163120567,80.85106382978724,0.28368794326241137,12.056737588652481,12.198581560283689,1,2.0
446,Austin Riley,Braves,80.0,274.0,297.0,62.0,32.0,11.0,1.0,18.0,41.0,49.0,16.0,3.0,108.0,5.0,2.0,0.0,4.0,0.0,2.0,0.226,2019.0,6.0606060606060606,14.814814814814815,92.25589225589225,0.0,16.4983164983165,13.804713804713804,11,6.0
447,Joey Rickard,- - -,68.0,168.0,189.0,38.0,24.0,9.0,2.0,3.0,14.0,10.0,18.0,1.0,50.0,3.0,0.0,0.0,1.0,4.0,2.0,0.226,2019.0,1.5873015873015872,18.51851851851852,88.88888888888889,2.1164021164021163,5.291005291005291,7.407407407407407,7,1.0
448,J.P. Crawford,Mariners,93.0,345.0,396.0,78.0,46.0,21.0,4.0,7.0,43.0,46.0,43.0,0.0,83.0,2.0,3.0,3.0,4.0,5.0,3.0,0.226,2019.0,1.7676767676767677,17.92929292929293,87.12121212121212,1.2626262626262625,11.616161616161616,10.858585858585858,4,4.0
449,Matt Carpenter,Cardinals,129.0,416.0,492.0,94.0,57.0,20.0,2.0,15.0,59.0,46.0,63.0,0.0,129.0,7.0,5.0,1.0,3.0,6.0,1.0,0.226,2019.0,3.048780487804878,16.056910569105693,84.55284552845528,1.2195121951219512,9.34959349593496,11.991869918699187,1,2.0
450,Matt Adams,Nationals,111.0,310.0,333.0,70.0,36.0,14.0,0.0,20.0,42.0,56.0,20.0,1.0,115.0,2.0,1.0,0.0,7.0,0.0,0.0,0.226,2019.0,6.006006006006006,15.015015015015015,93.09309309309309,0.0,16.816816816816818,12.612612612612613,11,6.0
453,Jake Bauers,Indians,117.0,372.0,423.0,84.0,55.0,16.0,1.0,12.0,46.0,43.0,45.0,0.0,115.0,3.0,3.0,0.0,3.0,3.0,3.0,0.226,2019.0,2.8368794326241136,17.02127659574468,87.94326241134752,0.7092198581560284,10.16548463356974,10.874704491725769,4,4.0
455,Guillermo Heredia,Rays,89.0,204.0,231.0,46.0,28.0,13.0,0.0,5.0,31.0,20.0,18.0,0.0,60.0,6.0,1.0,2.0,4.0,2.0,2.0,0.225,2019.0,2.1645021645021645,17.748917748917748,88.31168831168831,0.8658008658008658,8.658008658008658,13.41991341991342,10,3.0
456,Steve Wilkerson,Orioles,119.0,329.0,361.0,74.0,44.0,18.0,2.0,10.0,41.0,35.0,22.0,0.0,108.0,7.0,2.0,1.0,5.0,3.0,3.0,0.225,2019.0,2.770083102493075,17.72853185595568,91.13573407202216,0.8310249307479224,9.695290858725762,11.357340720221607,3,5.0
457,Travis Demeritte,Tigers,48.0,169.0,186.0,38.0,26.0,7.0,2.0,3.0,24.0,10.0,14.0,0.0,63.0,1.0,1.0,1.0,3.0,3.0,0.0,0.225,2019.0,1.6129032258064515,18.817204301075268,90.86021505376344,1.6129032258064515,5.376344086021505,12.903225806451612,3,5.0
458,Austin Dean,Marlins,64.0,178.0,189.0,40.0,20.0,14.0,0.0,6.0,17.0,21.0,9.0,1.0,47.0,0.0,1.0,1.0,5.0,0.0,2.0,0.225,2019.0,3.1746031746031744,17.98941798941799,94.17989417989418,0.0,11.11111111111111,8.994708994708995,0,7.0
459,Jackie Bradley Jr.,Red Sox,147.0,494.0,567.0,111.0,59.0,28.0,3.0,21.0,69.0,62.0,56.0,3.0,155.0,12.0,2.0,3.0,6.0,8.0,6.0,0.225,2019.0,3.7037037037037037,15.873015873015873,87.1252204585538,1.4109347442680775,10.934744268077601,12.16931216931217,4,4.0
461,Luis Urias,Padres,71.0,215.0,249.0,48.0,35.0,8.0,1.0,4.0,27.0,24.0,25.0,0.0,56.0,9.0,0.0,0.0,8.0,0.0,1.0,0.223,2019.0,1.606425702811245,17.670682730923694,86.34538152610442,0.0,9.63855421686747,10.843373493975903,10,3.0
463,Yan Gomes,Nationals,97.0,314.0,358.0,70.0,42.0,16.0,0.0,12.0,36.0,43.0,38.0,6.0,84.0,5.0,1.0,0.0,7.0,2.0,0.0,0.223,2019.0,3.35195530726257,16.201117318435752,87.70949720670392,0.5586592178770949,12.011173184357542,10.05586592178771,4,4.0
464,Orlando Arcia,Brewers,152.0,494.0,546.0,110.0,78.0,16.0,1.0,15.0,51.0,59.0,43.0,5.0,109.0,1.0,6.0,2.0,15.0,8.0,5.0,0.223,2019.0,2.7472527472527473,17.399267399267398,90.47619047619048,1.465201465201465,10.805860805860807,9.340659340659341,4,4.0
466,Chris Iannetta,Rockies,52.0,144.0,164.0,32.0,16.0,10.0,0.0,6.0,20.0,21.0,18.0,3.0,54.0,1.0,1.0,0.0,9.0,0.0,0.0,0.222,2019.0,3.658536585365854,15.853658536585366,87.8048780487805,0.0,12.804878048780488,12.195121951219512,4,4.0
470,Kevin Plawecki,Indians,60.0,158.0,174.0,35.0,22.0,10.0,0.0,3.0,13.0,17.0,12.0,0.0,31.0,3.0,1.0,0.0,4.0,0.0,1.0,0.222,2019.0,1.7241379310344827,18.39080459770115,90.80459770114942,0.0,9.770114942528735,7.471264367816092,7,1.0
471,Ryan Cordell,White Sox,97.0,217.0,247.0,48.0,33.0,8.0,0.0,7.0,22.0,24.0,19.0,0.0,69.0,3.0,2.0,6.0,2.0,3.0,1.0,0.221,2019.0,2.834008097165992,16.59919028340081,87.85425101214575,1.214574898785425,9.7165991902834,8.906882591093117,7,1.0
472,Brandon Nimmo,Mets,69.0,199.0,254.0,44.0,24.0,11.0,1.0,8.0,34.0,29.0,46.0,2.0,71.0,5.0,3.0,1.0,1.0,3.0,0.0,0.221,2019.0,3.1496062992125986,14.173228346456693,78.34645669291339,1.1811023622047243,11.417322834645669,13.385826771653543,1,2.0
473,Ronny Rodriguez,Tigers,84.0,276.0,294.0,61.0,32.0,12.0,3.0,14.0,29.0,43.0,13.0,0.0,82.0,0.0,5.0,0.0,5.0,3.0,1.0,0.221,2019.0,4.761904761904762,15.986394557823129,93.87755102040816,1.0204081632653061,14.625850340136054,9.863945578231293,11,6.0
474,Khris Davis,Athletics,133.0,481.0,533.0,106.0,72.0,11.0,0.0,23.0,61.0,73.0,47.0,3.0,146.0,3.0,2.0,0.0,11.0,0.0,0.0,0.22,2019.0,4.315196998123827,15.572232645403377,90.2439024390244,0.0,13.696060037523452,11.444652908067543,11,6.0
475,Russell Martin,Dodgers,83.0,209.0,249.0,46.0,35.0,5.0,0.0,6.0,29.0,20.0,30.0,3.0,60.0,8.0,2.0,0.0,1.0,1.0,0.0,0.22,2019.0,2.4096385542168677,16.06425702811245,83.93574297188755,0.40160642570281124,8.032128514056225,11.646586345381525,1,2.0
478,Mitch Haniger,Mariners,63.0,246.0,283.0,54.0,25.0,13.0,1.0,15.0,46.0,32.0,30.0,1.0,81.0,5.0,2.0,0.0,3.0,4.0,0.0,0.22,2019.0,5.30035335689046,13.780918727915195,86.92579505300354,1.4134275618374559,11.307420494699647,16.25441696113074,1,2.0
479,Ronald Guzman,Rangers,87.0,256.0,295.0,56.0,26.0,20.0,0.0,10.0,34.0,36.0,32.0,1.0,87.0,3.0,4.0,0.0,7.0,1.0,2.0,0.219,2019.0,3.389830508474576,15.59322033898305,86.77966101694915,0.3389830508474576,12.203389830508474,11.525423728813559,1,2.0
480,Billy Hamilton,- - -,119.0,316.0,353.0,69.0,53.0,14.0,2.0,0.0,41.0,15.0,32.0,1.0,87.0,0.0,2.0,3.0,1.0,22.0,6.0,0.218,2019.0,0.0,19.546742209631727,89.51841359773371,6.232294617563739,4.2492917847025495,11.614730878186968,3,5.0
483,Jurickson Profar,Athletics,139.0,459.0,518.0,100.0,54.0,24.0,2.0,20.0,65.0,67.0,48.0,2.0,75.0,8.0,3.0,0.0,12.0,9.0,1.0,0.218,2019.0,3.861003861003861,15.444015444015443,88.61003861003861,1.7374517374517375,12.934362934362934,12.548262548262548,4,4.0
484,Brandon Drury,Blue Jays,120.0,418.0,447.0,91.0,54.0,21.0,1.0,15.0,43.0,41.0,25.0,0.0,113.0,1.0,3.0,0.0,6.0,0.0,1.0,0.218,2019.0,3.3557046979865772,17.002237136465325,93.51230425055928,0.0,9.172259507829978,9.619686800894854,3,5.0
487,Josh Rojas,Diamondbacks,41.0,138.0,157.0,30.0,21.0,7.0,0.0,2.0,17.0,16.0,18.0,0.0,41.0,1.0,0.0,0.0,3.0,4.0,2.0,0.217,2019.0,1.2738853503184713,17.8343949044586,87.89808917197452,2.5477707006369426,10.19108280254777,10.828025477707007,4,4.0
488,Ian Kinsler,Padres,87.0,258.0,281.0,56.0,35.0,12.0,0.0,9.0,28.0,22.0,19.0,0.0,54.0,3.0,1.0,0.0,5.0,2.0,4.0,0.217,2019.0,3.202846975088968,16.725978647686834,91.81494661921708,0.7117437722419929,7.829181494661921,9.9644128113879,3,5.0
489,Jay Bruce,- - -,98.0,310.0,333.0,67.0,24.0,17.0,0.0,26.0,43.0,59.0,19.0,0.0,82.0,1.0,3.0,0.0,5.0,1.0,0.0,0.216,2019.0,7.807807807807808,12.312312312312311,93.09309309309309,0.3003003003003003,17.71771771771772,12.912912912912914,11,6.0
490,Hunter Renfroe,Padres,140.0,440.0,494.0,95.0,42.0,19.0,1.0,33.0,64.0,64.0,46.0,1.0,154.0,2.0,6.0,0.0,6.0,5.0,0.0,0.216,2019.0,6.680161943319838,12.550607287449393,89.06882591093117,1.0121457489878543,12.955465587044534,12.955465587044534,11,6.0
492,Sam Travis,Red Sox,59.0,144.0,157.0,31.0,20.0,4.0,1.0,6.0,17.0,16.0,11.0,2.0,36.0,1.0,1.0,0.0,6.0,2.0,0.0,0.215,2019.0,3.821656050955414,15.92356687898089,91.71974522292993,1.2738853503184713,10.19108280254777,10.828025477707007,4,4.0
493,Gordon Beckham,Tigers,83.0,223.0,240.0,48.0,27.0,13.0,2.0,6.0,29.0,15.0,13.0,0.0,68.0,4.0,0.0,0.0,6.0,3.0,1.0,0.215,2019.0,2.5,17.5,92.91666666666667,1.25,6.25,12.083333333333334,3,5.0
494,Billy McKinney,Blue Jays,84.0,251.0,276.0,54.0,27.0,14.0,1.0,12.0,37.0,28.0,19.0,0.0,73.0,2.0,2.0,2.0,0.0,0.0,2.0,0.215,2019.0,4.3478260869565215,15.217391304347826,90.94202898550725,0.0,10.144927536231885,13.405797101449275,4,4.0
495,Bubba Starling,Royals,56.0,186.0,197.0,40.0,29.0,7.0,0.0,4.0,26.0,12.0,9.0,0.0,56.0,1.0,0.0,1.0,4.0,2.0,0.0,0.215,2019.0,2.030456852791878,18.274111675126903,94.41624365482234,1.015228426395939,6.091370558375634,13.197969543147208,3,5.0
496,Justin Upton,Angels,63.0,219.0,256.0,47.0,27.0,8.0,0.0,12.0,34.0,40.0,32.0,0.0,78.0,0.0,5.0,0.0,5.0,1.0,1.0,0.215,2019.0,4.6875,13.671875,85.546875,0.390625,15.625,13.28125,1,2.0
497,Matt Wieters,Cardinals,67.0,168.0,183.0,36.0,21.0,4.0,0.0,11.0,15.0,27.0,12.0,0.0,47.0,1.0,2.0,0.0,3.0,1.0,1.0,0.214,2019.0,6.0109289617486334,13.66120218579235,91.80327868852459,0.546448087431694,14.754098360655737,8.19672131147541,11,6.0
502,Andrew Knapp,Phillies,74.0,136.0,160.0,29.0,18.0,9.0,0.0,2.0,12.0,8.0,18.0,2.0,51.0,3.0,0.0,3.0,2.0,0.0,0.0,0.213,2019.0,1.25,16.875,85.0,0.0,5.0,7.5,7,1.0
503,Martin Maldonado,- - -,105.0,333.0,374.0,71.0,40.0,19.0,0.0,12.0,46.0,27.0,32.0,1.0,86.0,6.0,1.0,2.0,11.0,0.0,0.0,0.213,2019.0,3.2085561497326203,15.775401069518717,89.03743315508021,0.0,7.219251336898396,12.29946524064171,7,1.0
504,Juan Lagares,Mets,133.0,258.0,285.0,55.0,37.0,12.0,1.0,5.0,38.0,27.0,22.0,4.0,75.0,2.0,1.0,2.0,8.0,4.0,1.0,0.213,2019.0,1.7543859649122806,17.54385964912281,90.52631578947368,1.4035087719298245,9.473684210526315,13.333333333333334,3,5.0
506,Francisco Cervelli,- - -,48.0,141.0,160.0,30.0,18.0,8.0,1.0,3.0,15.0,12.0,13.0,0.0,41.0,5.0,0.0,1.0,7.0,1.0,0.0,0.213,2019.0,1.875,16.875,88.125,0.625,7.5,9.375,7,1.0
509,Daniel Robertson,Rays,74.0,207.0,237.0,44.0,32.0,9.0,1.0,2.0,23.0,19.0,24.0,0.0,59.0,6.0,0.0,0.0,10.0,2.0,2.0,0.213,2019.0,0.8438818565400844,17.72151898734177,87.34177215189874,0.8438818565400844,8.016877637130802,9.70464135021097,7,1.0
510,Tony Kemp,- - -,110.0,245.0,279.0,52.0,31.0,9.0,4.0,8.0,31.0,29.0,23.0,1.0,47.0,6.0,4.0,1.0,4.0,4.0,4.0,0.212,2019.0,2.867383512544803,15.770609318996415,87.81362007168458,1.4336917562724014,10.394265232974911,11.11111111111111,4,4.0
512,Cole Tucker,Pirates,56.0,147.0,159.0,31.0,16.0,10.0,3.0,2.0,16.0,13.0,10.0,1.0,40.0,1.0,0.0,1.0,2.0,0.0,0.0,0.211,2019.0,1.2578616352201257,18.238993710691823,92.45283018867924,0.0,8.176100628930818,10.062893081761006,3,5.0
513,Matt Thaiss,Angels,53.0,147.0,164.0,31.0,16.0,7.0,0.0,8.0,17.0,23.0,17.0,0.0,52.0,0.0,0.0,0.0,4.0,0.0,0.0,0.211,2019.0,4.878048780487805,14.024390243902438,89.63414634146342,0.0,14.024390243902438,10.365853658536585,11,6.0
517,John Hicks,Tigers,95.0,319.0,333.0,67.0,39.0,15.0,0.0,13.0,29.0,35.0,13.0,0.0,109.0,0.0,1.0,0.0,7.0,1.0,1.0,0.21,2019.0,3.903903903903904,16.216216216216218,95.7957957957958,0.3003003003003003,10.51051051051051,8.70870870870871,11,6.0
519,Chance Sisco,Orioles,59.0,167.0,198.0,35.0,20.0,7.0,0.0,8.0,29.0,20.0,22.0,0.0,61.0,9.0,0.0,0.0,5.0,0.0,1.0,0.21,2019.0,4.040404040404041,13.636363636363637,84.34343434343434,0.0,10.1010101010101,14.646464646464647,1,2.0
520,Welington Castillo,White Sox,72.0,230.0,251.0,48.0,24.0,12.0,0.0,12.0,19.0,41.0,16.0,0.0,74.0,3.0,2.0,0.0,8.0,0.0,0.0,0.209,2019.0,4.780876494023905,14.342629482071713,91.63346613545816,0.0,16.334661354581673,7.569721115537849,11,6.0
521,Richie Martin Jr.,Orioles,120.0,283.0,309.0,59.0,42.0,8.0,3.0,6.0,29.0,23.0,14.0,0.0,83.0,6.0,1.0,5.0,6.0,10.0,1.0,0.208,2019.0,1.941747572815534,17.15210355987055,91.58576051779936,3.236245954692557,7.44336569579288,9.385113268608414,3,5.0
526,Tyler White,- - -,83.0,240.0,279.0,50.0,33.0,14.0,0.0,3.0,18.0,23.0,36.0,0.0,78.0,0.0,3.0,0.0,7.0,0.0,0.0,0.208,2019.0,1.075268817204301,16.845878136200717,86.02150537634408,0.0,8.243727598566307,6.451612903225806,7,1.0
527,Daniel Vogelbach,Mariners,144.0,462.0,558.0,96.0,49.0,17.0,0.0,30.0,73.0,76.0,92.0,2.0,149.0,2.0,2.0,0.0,4.0,0.0,0.0,0.208,2019.0,5.376344086021505,11.827956989247312,82.79569892473118,0.0,13.620071684587813,13.082437275985663,1,2.0
528,Justin Smoak,Blue Jays,121.0,414.0,500.0,86.0,48.0,16.0,0.0,22.0,54.0,61.0,79.0,3.0,106.0,6.0,1.0,0.0,11.0,0.0,0.0,0.208,2019.0,4.4,12.8,82.8,0.0,12.2,10.8,1,2.0
529,Danny Jansen,Blue Jays,107.0,347.0,384.0,72.0,46.0,12.0,1.0,13.0,41.0,43.0,31.0,1.0,79.0,4.0,1.0,1.0,8.0,0.0,1.0,0.207,2019.0,3.3854166666666665,15.364583333333334,90.36458333333333,0.0,11.197916666666666,10.677083333333334,4,4.0
530,Alex Avila,Diamondbacks,63.0,164.0,201.0,34.0,17.0,8.0,0.0,9.0,22.0,24.0,36.0,7.0,68.0,1.0,0.0,0.0,8.0,1.0,0.0,0.207,2019.0,4.477611940298507,12.437810945273633,81.59203980099502,0.4975124378109453,11.940298507462687,10.945273631840797,1,2.0
531,Dylan Moore,Mariners,113.0,247.0,282.0,51.0,26.0,14.0,2.0,9.0,31.0,28.0,25.0,0.0,93.0,9.0,0.0,1.0,6.0,11.0,9.0,0.206,2019.0,3.1914893617021276,14.893617021276595,87.58865248226951,3.900709219858156,9.929078014184396,10.99290780141844,7,1.0
536,Rougned Odor,Rangers,145.0,522.0,581.0,107.0,46.0,30.0,1.0,30.0,77.0,93.0,52.0,2.0,178.0,5.0,1.0,1.0,4.0,11.0,9.0,0.205,2019.0,5.163511187607573,13.25301204819277,89.84509466437177,1.8932874354561102,16.006884681583475,13.25301204819277,11,6.0
537,Harrison Bader,Cardinals,128.0,347.0,406.0,71.0,42.0,14.0,3.0,12.0,54.0,39.0,46.0,4.0,117.0,10.0,2.0,1.0,3.0,11.0,3.0,0.205,2019.0,2.955665024630542,14.532019704433498,85.4679802955665,2.70935960591133,9.605911330049262,13.300492610837438,1,2.0
539,Jeimer Candelario,Tigers,94.0,335.0,386.0,68.0,41.0,17.0,2.0,8.0,33.0,32.0,43.0,1.0,99.0,7.0,1.0,0.0,3.0,3.0,1.0,0.203,2019.0,2.0725388601036268,15.544041450777202,86.78756476683938,0.7772020725388601,8.290155440414507,8.549222797927461,7,1.0
540,Austin Barnes,Dodgers,75.0,212.0,242.0,43.0,25.0,12.0,1.0,5.0,28.0,25.0,23.0,3.0,56.0,5.0,2.0,0.0,8.0,3.0,0.0,0.203,2019.0,2.0661157024793386,15.702479338842975,87.60330578512396,1.2396694214876034,10.330578512396695,11.570247933884298,4,4.0
541,Pablo Reyes,Pirates,71.0,143.0,157.0,29.0,18.0,7.0,2.0,2.0,18.0,19.0,13.0,0.0,36.0,1.0,0.0,0.0,0.0,1.0,1.0,0.203,2019.0,1.2738853503184713,17.197452229299362,91.0828025477707,0.6369426751592356,12.101910828025478,11.464968152866241,4,4.0
544,Grayson Greiner,Tigers,58.0,208.0,224.0,42.0,31.0,5.0,1.0,5.0,18.0,19.0,13.0,0.0,70.0,1.0,1.0,1.0,5.0,0.0,0.0,0.202,2019.0,2.232142857142857,16.517857142857142,92.85714285714286,0.0,8.482142857142858,8.035714285714286,7,1.0
548,Carlos Gonzalez,- - -,45.0,145.0,166.0,29.0,23.0,3.0,0.0,3.0,21.0,10.0,18.0,1.0,52.0,1.0,2.0,0.0,3.0,0.0,3.0,0.2,2019.0,1.8072289156626506,15.662650602409638,87.34939759036145,0.0,6.024096385542169,12.650602409638553,7,1.0
559,Leonys Martin,Indians,65.0,236.0,264.0,47.0,31.0,7.0,0.0,9.0,32.0,19.0,21.0,0.0,78.0,4.0,0.0,3.0,1.0,4.0,5.0,0.199,2019.0,3.409090909090909,14.393939393939394,89.39393939393939,1.5151515151515151,7.196969696969697,12.121212121212121,7,1.0
560,Yonder Alonso,- - -,121.0,292.0,335.0,58.0,35.0,13.0,0.0,10.0,34.0,37.0,39.0,3.0,70.0,2.0,2.0,0.0,13.0,0.0,1.0,0.199,2019.0,2.985074626865672,14.328358208955224,87.16417910447761,0.0,11.044776119402986,10.149253731343284,7,1.0
566,Jose Rondon,- - -,56.0,143.0,157.0,28.0,22.0,3.0,0.0,3.0,10.0,9.0,11.0,0.0,38.0,2.0,0.0,1.0,4.0,0.0,0.0,0.196,2019.0,1.910828025477707,15.92356687898089,91.0828025477707,0.0,5.732484076433121,6.369426751592357,7,1.0
567,Ryan O'Hearn,Royals,105.0,328.0,370.0,64.0,36.0,13.0,1.0,14.0,32.0,38.0,39.0,1.0,99.0,1.0,2.0,0.0,7.0,0.0,1.0,0.195,2019.0,3.7837837837837838,13.513513513513514,88.64864864864865,0.0,10.27027027027027,8.64864864864865,7,1.0
568,Kendrys Morales,- - -,53.0,170.0,201.0,33.0,28.0,2.0,1.0,2.0,16.0,12.0,26.0,0.0,26.0,4.0,1.0,0.0,6.0,0.0,0.0,0.194,2019.0,0.9950248756218906,15.422885572139304,84.57711442786069,0.0,5.970149253731344,7.960199004975125,7,1.0
570,Jake Lamb,Diamondbacks,78.0,187.0,226.0,36.0,20.0,8.0,2.0,6.0,26.0,30.0,32.0,1.0,55.0,5.0,2.0,0.0,4.0,1.0,0.0,0.193,2019.0,2.6548672566371683,13.274336283185841,82.7433628318584,0.4424778761061947,13.274336283185841,11.504424778761061,1,2.0
571,Sandy Leon,Red Sox,65.0,172.0,191.0,33.0,25.0,3.0,0.0,5.0,14.0,19.0,13.0,0.0,47.0,1.0,1.0,4.0,0.0,0.0,0.0,0.192,2019.0,2.6178010471204187,14.659685863874346,90.05235602094241,0.0,9.947643979057592,7.329842931937173,7,1.0
577,Tyler Austin,- - -,89.0,154.0,179.0,29.0,14.0,5.0,1.0,9.0,30.0,24.0,24.0,1.0,67.0,0.0,1.0,0.0,2.0,2.0,0.0,0.188,2019.0,5.027932960893855,11.1731843575419,86.03351955307262,1.1173184357541899,13.40782122905028,16.75977653631285,1,2.0
581,Derek Dietrich,Reds,113.0,251.0,306.0,47.0,18.0,8.0,2.0,19.0,41.0,43.0,28.0,2.0,74.0,25.0,1.0,0.0,2.0,1.0,1.0,0.187,2019.0,6.209150326797386,9.15032679738562,82.02614379084967,0.32679738562091504,14.052287581699346,13.398692810457517,1,2.0
584,Derek Fisher,- - -,57.0,146.0,167.0,27.0,15.0,4.0,1.0,7.0,23.0,17.0,21.0,0.0,57.0,0.0,0.0,0.0,3.0,5.0,1.0,0.185,2019.0,4.191616766467066,11.976047904191617,87.42514970059881,2.9940119760479043,10.179640718562874,13.77245508982036,1,2.0
587,Curtis Granderson,Marlins,138.0,317.0,363.0,58.0,28.0,17.0,1.0,12.0,44.0,34.0,41.0,1.0,98.0,3.0,2.0,0.0,3.0,0.0,3.0,0.183,2019.0,3.3057851239669422,12.672176308539944,87.32782369146005,0.0,9.366391184573002,12.121212121212121,7,1.0
595,Chris Davis,Orioles,105.0,307.0,352.0,55.0,34.0,9.0,0.0,12.0,26.0,36.0,39.0,1.0,139.0,3.0,3.0,0.0,6.0,0.0,0.0,0.179,2019.0,3.409090909090909,12.215909090909092,87.2159090909091,0.0,10.227272727272727,7.386363636363637,7,1.0
600,Austin Hedges,Padres,102.0,312.0,347.0,55.0,35.0,9.0,0.0,11.0,28.0,36.0,27.0,3.0,109.0,5.0,1.0,2.0,3.0,1.0,0.0,0.176,2019.0,3.170028818443804,12.680115273775217,89.9135446685879,0.2881844380403458,10.37463976945245,8.069164265129682,7,1.0
604,Isan Diaz,Marlins,49.0,179.0,201.0,31.0,19.0,5.0,2.0,5.0,17.0,23.0,19.0,0.0,59.0,2.0,1.0,0.0,2.0,0.0,3.0,0.173,2019.0,2.487562189054726,12.935323383084578,89.05472636815921,0.0,11.442786069651742,8.457711442786069,7,1.0
605,Daniel Descalso,Cubs,82.0,168.0,194.0,29.0,21.0,5.0,1.0,2.0,20.0,15.0,23.0,0.0,57.0,0.0,1.0,1.0,3.0,2.0,1.0,0.173,2019.0,1.0309278350515463,13.917525773195877,86.5979381443299,1.0309278350515463,7.731958762886598,10.309278350515465,7,1.0
606,Lewis Brinson,Marlins,75.0,226.0,248.0,39.0,29.0,9.0,1.0,0.0,15.0,15.0,13.0,1.0,74.0,6.0,1.0,2.0,8.0,1.0,1.0,0.173,2019.0,0.0,15.725806451612904,91.12903225806451,0.4032258064516129,6.048387096774194,6.048387096774194,7,1.0
609,Justin Bour,Angels,52.0,151.0,170.0,26.0,13.0,5.0,0.0,8.0,18.0,26.0,17.0,0.0,52.0,1.0,1.0,0.0,7.0,0.0,0.0,0.172,2019.0,4.705882352941177,10.588235294117647,88.82352941176471,0.0,15.294117647058824,10.588235294117647,11,6.0
613,Mark Reynolds,Rockies,78.0,135.0,162.0,23.0,12.0,7.0,0.0,4.0,13.0,20.0,22.0,0.0,57.0,2.0,3.0,0.0,3.0,2.0,0.0,0.17,2019.0,2.4691358024691357,11.728395061728396,83.33333333333333,1.2345679012345678,12.345679012345679,8.024691358024691,1,2.0
614,Jung Ho Kang,Pirates,65.0,172.0,185.0,29.0,11.0,7.0,1.0,10.0,15.0,24.0,11.0,0.0,60.0,1.0,1.0,0.0,4.0,0.0,0.0,0.169,2019.0,5.405405405405405,10.27027027027027,92.97297297297297,0.0,12.972972972972974,8.108108108108109,11,6.0
619,Keon Broxton,- - -,100.0,204.0,228.0,34.0,24.0,4.0,0.0,6.0,24.0,16.0,20.0,0.0,104.0,1.0,2.0,1.0,5.0,10.0,6.0,0.167,2019.0,2.6315789473684212,12.280701754385966,89.47368421052632,4.385964912280702,7.017543859649122,10.526315789473685,7,1.0
633,Mike Zunino,Rays,90.0,266.0,289.0,44.0,24.0,10.0,1.0,9.0,30.0,32.0,20.0,0.0,98.0,3.0,0.0,0.0,4.0,0.0,0.0,0.165,2019.0,3.114186851211073,12.110726643598616,92.04152249134948,0.0,11.07266435986159,10.380622837370241,11,6.0
642,Jeff Mathis,Rangers,88.0,228.0,244.0,36.0,25.0,9.0,0.0,2.0,17.0,12.0,15.0,1.0,87.0,0.0,1.0,0.0,2.0,1.0,0.0,0.158,2019.0,0.819672131147541,13.934426229508198,93.44262295081967,0.4098360655737705,4.918032786885246,6.967213114754099,7,1.0
647,Travis Shaw,Brewers,86.0,230.0,270.0,36.0,24.0,5.0,0.0,7.0,22.0,16.0,36.0,3.0,89.0,4.0,0.0,0.0,5.0,0.0,0.0,0.157,2019.0,2.5925925925925926,10.74074074074074,85.18518518518519,0.0,5.925925925925926,8.148148148148149,7,1.0
671,Chris Owings,- - -,67.0,180.0,196.0,25.0,15.0,6.0,1.0,3.0,13.0,14.0,14.0,0.0,78.0,2.0,0.0,0.0,2.0,5.0,2.0,0.139,2019.0,1.530612244897959,11.224489795918368,91.83673469387755,2.5510204081632653,7.142857142857143,6.63265306122449,7,1.0
